stazione	idStazione	idRegione
ABANO TERME	S05700	12
ABBADIA LARIANA	S01416	1
ABBASANTA	S12873	20
ABBIATE GUAZZONE	N00018	
ABBIATEGRASSO	S01062	1
ACATE	S12409	14
ACCIANO	S07423	19
ACERRA	S09215	18
ACIREALE	S12328	14
ACQUA ACETOSA	S08715	5
ACQUAFREDDA	S11722	15
ACQUAMELA	S09798	
ACQUANEGRA CREMONESE	S01913	1
ACQUAPPESA	S11736	17
ACQUAVIVA	S12209	14
ACQUAVIVA DELLE FONTI	S11504	16
ACQUEDOLCI-S.FRATELLO	S12026	14
ACQUI TERME	S00867	3
ACRI BISIGNANO LUZZI	S11907	17
ADRIA	S05420	12
AFRICO NUOVO	S11872	17
AGLIANO CASTELNUOVO CALCEA	S00804	3
AGRIGENTO BASSA	S12213	14
AGRIGENTO CENTRALE	S12216	14
AGROPOLI CASTELLABATE	S11705	18
AIELLI	S08550	
AIRASCA	S00514	3
AIROLE	S04481	2
AIRUNO	S01515	1
ALA	S02049	9
ALANNO	S07708	19
ALANO FENER VALDOBBIADENE	S02566	12
ALASSIO	S04515	2
ALBA	S00825	3
ALBA ADRIATICA NERETO CONTR.	S07800	19
ALBACINA	S07207	11
ALBAIRATE VERMEZZO	S01059	
ALBANO DI LUCANIA	S11453	15
ALBANO LAZIALE	S08704	5
ALBANO S.ALESSANDRO	S01534	1
ALBANOVA	S09004	18
ALBAREDO	S02538	12
ALBATE CAMERLATA	S01310	1
ALBATE-TRECALLO	S01450	1
ALBENGA	S04516	2
ALBERESE	S08001	13
ALBERGO	S06067	
ALBINIA	S08003	13
ALBISOLA	S04529	2
ALBIZZATE SOLBIATE ARNO	S01209	1
ALBONESE	S00033	1
ALBUZZANO	S01863	1
ALCAMO DIRAMAZIONE	S12150	14
ALCANTARA	S12320	14
ALESSANDRIA	S00470	3
ALFEDENA-SCONTRONE	S08908	19
ALFONSINE	S05808	8
ALICE BELCOLLE	S00809	3
ALIFE	S09020	
ALI` TERME	S12310	14
ALLERONA-CASTEL VISCARDO	S08202	6
ALPIGNANO	S00216	3
ALTAMURA	S11307	16
ALTARE	S04810	2
ALTAVILLA IRPINA	S09511	18
ALTAVILLA M.	S12011	14
ALTAVILLA TAVERNELLE	S02444	12
ALTOPASCIO	S06407	13
ALVIANO	S08206	6
ALVIGNNO	S09023	
AMANTEA	S11744	17
AMBIVERE MAPELLO	S01527	1
AMENDOLA	S11051	16
AMENDOLARA ORIOLO	S11807	17
AMOROSI MELIZZANO	S09306	18
ANAGNI-FIUGGI	S08658	5
ANCONA	S07113	11
ANCONA MARITTIMA	S07116	11
ANCONA STADIO	S07114	
ANCONA TORRETTE	S07015	11
ANCONETTA	S02141	12
ANDORA	S04513	2
ANFITEATRO	S09031	
ANGRI	S09812	18
ANGUILLARA	S08318	5
ANNA'	S11870	
ANNONE VENETO	S02769	12
ANTIGNANO	S06727	13
ANTRODOCO BORGO VELINO	S07408	5
ANTRODOCO CENTRO	S07435	5
ANVERSA-VILLALAGO-SCANNO	S08537	19
ANZANO DEL PARCO	S01453	1
ANZIO	S08709	5
ANZIO COLONIA	S08713	5
ANZOLA	S05386	
AOSTA	S00137	4
AOSTA ISTITUTO	S00143	4
AOSTA VIALE EUROPA	S00146	4
APICE S.ARCANGELO BONITO	S09314	18
APPIANO	S08328	5
APRICENA	S11024	16
APRILIA	S08705	5
AQUILONIA	S09623	18
ARAGONA CALDARE	S12370	14
ARBIA	S06811	13
ARCE	S08861	5
ARCHI	S07992	
ARCISATE	S01203	1
ARCOLA	S06006	2
ARCORE	S01510	1
ARDARA	S12817	20
ARDENNO MASINO	S01427	1
ARDORE	S11853	17
ARENA PO	S01947	1
ARENZANO	S04533	2
AREZZO	S06915	13
AREZZO C.C.	S06086	
AREZZO PESCAIOLA	S06063	
ARGENTA	S05804	8
ARIANO IRPINO	S09316	18
ARONA	S01020	3
AROSIO	S01092	
ARPAIA-AIROLA-S. AGATA DEI GOTI	S09017	
ARPINO	S08859	5
ARQUATA SCRIVIA	S04207	3
ARQUA`	S05707	12
ARSOLI	S08516	5
ARTEGNA	S03021	10
ARTOGNE - GIANICO	N00219	
ARVIER	S00134	4
ASCEA	S11711	18
ASCIANO	S06813	13
ASCIANO MONTE OLIVETO MAGGIORE	S06825	13
ASCOLI PICENO	S07550	11
ASCOLI SATRIANO	S11203	16
ASOLA	S01847	1
ASSEMINI	S12889	20
ASSISI	S07008	6
ASSO	S01101	1
ASTI	S00462	3
ATELETA	S07998	
ATENA	S09904	18
ATTIGLIANO	S08207	6
AUGUSTA	S12345	14
AULETTA	S09902	18
AULLA	S06168	13
AULLA LUNIGIANA	S06013	13
AURISINA	S03550	10
AVELLINO	S09514	18
AVERSA	S09006	18
AVEZZANO	S08526	19
AVIANO	S03087	10
AVIGLIANA	S00214	3
AVIGLIANO LUCANIA	S11214	15
AVIO	S02050	9
AVISE	S00133	4
AVOLA	S12426	14
BARI CENTRALE	S11119	16
BOLOGNA C.LE	S05043	8
BA POLICLINICO	S11499	
BACIANO	S06081	
BADEN	S03118	
BADIA POLESINE	S02370	12
BADOLATO	S11841	17
BAGHERIA	S12008	14
BAGNACAVALLO	S05902	8
BAGNARA	S11770	17
BAGNARIA ARSA	S03123	10
BAGNASCO	S00921	3
BAGNI DI LUCCA	S06308	13
BAGNI DI TIVOLI	S08504	5
BAGNOLI AGNANO TERME	S09102	18
BAGNOLI IRPINO	S09613	18
BAGNOLO MELLA	S01901	1
BAIANO DI SPOLETO	S07224	6
BALANGERO	S00094	
BALATONFOELDVAR	S03418	
BALATONLELLE	S03459	
BALATONSZENTGYORGY	S03566	
BALDICHIERI	S00460	3
BALESTRATE	S12122	14
BALSORANO	S08856	19
BALVANO R.	S09830	15
BALZOLA	S00178	3
BANDITO	S00732	3
BARAGIANO	S09832	15
BARANELLO	S09458	7
BARASSO - COMERIO	N00027	
BARBERINO VAL D`ELSA	S06806	
BARBIANELLO	S01932	1
BARBIANO	S05905	8
BARBUSI	S12971	20
BARCELLONA	S12041	14
BARDONECCHIA	S00202	3
BARGA GALLICANO	S06303	13
BARI PALESE MACCHIE	S11118	16
BARI PARCO NORD	S11148	16
BARI PARCO NORD FASCIO TARANTO	S11149	
BARI PARCO SUD	S11125	16
BARI S. SPIRITO	S11116	16
BARI S.ANDREA	S11513	16
BARI S.GIORGIO	S11150	16
BARI TORRE A MARE	S11126	16
BARICETTA	S05419	12
BARILE	S11208	15
BARLASSINA	S01926	
BARLETTA	S11108	16
BARONISSI	S09520	18
BARRUCCANA	S01929	
BASCHI-MONTECCHIO	S08204	6
BASILIANO	S02832	10
BASSANO DEL GRAPPA	S02520	12
BASSANO IN TEVERINA	S08208	6
BASSANO ROMANO	S08312	5
BASTIA	S07007	6
BASTIA MONDOVI`	S00908	3
BATTAGLIA TERME	S05702	12
BATTIPAGLIA	S09823	18
BAULADU MILIS	S12875	20
BAVENO	S01015	3
BAZZANA	S00807	3
BEAULARD	S00203	3
BEFFI	S07422	19
BEINETTE	S00901	3
BELGIOIOSO	S01864	1
BELGIRATE	S01017	3
BELLA MURO	S09831	15
BELLANO TARTAVELLE TERME	S01409	1
BELLANTE RIPATTONE	S07902	19
BELLARIA	S05817	8
BELLAVISTA	S11512	16
BELLINZAGO	S00985	3
BELLINZONA	S00300	
BELLISIO SOLFARE	S07061	11
BELLUNO	S02559	12
BELMONTE CALABRO	S11743	17
BELVEDERE MARITTIMO	S11732	17
BENEVENTO	S09311	18
BENEVENTO ACQUAFREDDA	S09472	
BENEVENTO APPIA	S09011	
BENEVENTO ARCO TRAIANO	S09530	18
BENEVENTO PORTA RUFINA	S09509	18
BENEVENTO RIONE LIBERTA'	S09012	
BERCETO	S06158	8
BERCHIDDA	S12859	20
BERGAMASCO	S00838	3
BERGAMO	S01529	1
BERNALDA	S11460	15
BESANA	S01488	1
BESNATE	S01145	1
BESOZZO	S01141	1
BEURA CARDEZZA	S01007	3
BEVERA	S04482	2
BEVILACQUA	S02391	12
BIAGIONI LAGACCI	S05119	8
BIANCO	S11855	17
BIANZE`	S00238	3
BIANZONE	S01438	1
BIASSONO-LESMO PARCO	S01483	1
BIBBIENA	S06076	
BIBBIENA CORSALONE	S06077	
BIBIANA	S00522	3
BICOCCA	S12338	14
BIELLA CHIAVAZZA	S00970	3
BIELLA S.PAOLO	S00070	3
BIFORCO	S06611	13
BINARIO S.MARCO VECCHIO	S06950	13
BISCEGLIE	S11113	16
BISTAGNO	S00870	3
BISUSCHIO VIGGIU	S01202	1
BITETTO PALO DEL COLLE	S11501	16
BIVIO D`AURISINA	S03313	10
BOARIO TERME	N00221	
BOCCIA AL MAURO	S09763	18
BOGLIASCO	S04709	2
BOIANO	S09453	7
BOLGHERI	S06028	13
BOLLATE CENTRO	S01071	
BOLLATE NORD	S01072	
BOLOGNA BORGO PANIGALE	S05100	8
BOLOGNA C.LE/AV	S05046	8
BOLOGNA CORTICELLA	S05725	8
BOLOGNA FIERE	S05020	8
BOLOGNA MAZZINI	S05140	8
BOLOGNA RAVONE	S05042	8
BOLOGNA S.RUFFILLO	S05130	8
BOLOGNA SAN VITALE	S05081	
BOLZANO 	S02026	22
BOLZANO NOVARESE	S00014	3
BOLZANO SUD 	S02226	9
BOMBA TORRICELLA	S07993	
BONASSOLA	S04730	2
BONDENO	S05165	
BONEFRO S.CROCE	S09464	7
BONFERRARO	S02383	12
BONORVA	S12867	20
BORDIGHERA	S04503	2
BORGARO	S00086	
BORGHETTO	S02051	9
BORGHETTO PARMENSE	S06100	8
BORGHETTO SANTO SPIRITO	S04518	2
BORGIO VEREZZI	S04521	2
BORGO	S09526	18
BORGO A BUGGIANO	S06410	13
BORGO A MOZZANO	S06309	13
BORGO FORNARI PER VOLTAGGIO	S04214	2
BORGO LAVEZZARO	S00032	3
BORGO REVEL	S00171	3
BORGO S. GIOVANNI	N00202	
BORGO S. LORENZO	S06604	13
BORGO S.L.RIMORELLI	S06704	13
BORGO S.MARTINO	S00315	3
BORGO SAN DALMAZZO	S00613	3
BORGO TICINO	S00981	3
BORGO VAL DI TARO	S06161	8
BORGO VALSUGANA CENTRO	S02313	21
BORGO VALSUGANA EST	S02314	9
BORGO VERCELLI	S00246	3
BORGOFORTE	S02338	1
BORGOFRANCO	S00152	3
BORGOLOMBARDO	S01830	1
BORGOMANERO	S00016	3
BORGONATO - ADRO	N00208	
BORGONE	S00210	3
BORGONUOVO	S05152	
BORGORATTO	S00860	3
BORGOSESIA	S00104	3
BORNATO - CALINO	N00207	
BORORE	S12872	20
BOSCHI S.ANNA	S02390	12
BOSCO REDOLE	S09452	7
BOSCONERO	S00882	
BOSCOREALE	S09754	18
BOTRICELLO	S11829	17
BOTTENICCHIO Z.I.	S03057	
BOVA MARINA	S11860	17
BOVALINO	S11854	17
BOVINO DELICETO	S09321	16
BOVISO MASCIAGO - MOMBELLO	S01085	
BOVOLONE	S02363	12
BOZZOLO	S01920	1
BRA	S00821	3
BRACCIANO	S08315	5
BRAGNO	S04803	2
BRANCALEONE	S11857	17
BRANDIZZO	S00231	3
BREIL SUR ROYA	S00622	3
BRENNA-ALZATE	S01452	1
BRENNERO	S02001	22
BRENO	N00226	
BRESCIA	S01717	1
BRESSANA ARGINE	S01930	1
BRESSANA BOTTARONE	S01805	1
BRESSANONE	S02014	9
BRIATICO	S11757	17
BRICHERASIO	S00521	3
BRINDISI	S11136	16
BRINDISI DI MONTAGNA	S11451	15
BRINDISI MARITTIMA	S11137	16
BRIONA	S00113	3
BRISIGHELLA	S06614	8
BROLO FICARRA	S12031	14
BRONI	S01944	1
BRONZOLO 	S02030	9
BROZOLO	S00424	3
BRUNICO 	S02107	9
BRUNICO NORD	S02018	
BRUNO	S00837	3
BRUZOLO	S00209	3
BUCCINO S.	S09828	18
BUCINE	S06911	13
BUDOIA POLCENIGO	S03088	10
BUGNARA	S08538	19
BUONCONVENTO	S06874	13
BUONFORNELLO	S12016	14
BURONZO	S00054	3
BUSALLA	S04215	2
BUSCA	S00704	3
BUSCHE LENTIAI MEL	S02563	12
BUSSETO	S01963	8
BUSSI	S07704	19
BUSSOLENO	S00208	3
BUSTO ARSIZIO	S01031	1
BUSTO ARSIZIO N.	S01137	
BUSTO ARSIZIO RFI	N00107	
BUTTAFAVA	S01482	1
BUTTAPIETRA	S05301	12
BUTTRIO	S03029	10
Biv. Venezia	S05048	
CABIATE	S01088	
CADEO	S05006	8
CADORAGO	N00038	
CAGLIARI	S12891	20
CAGLIARI ELMAS	S12890	20
CAIAZZO	S09025	
CAIRO MONTENOTTE	S00879	2
CALA SABINA	S12851	20
CALALZO PIEVE CADORE CORTINA	S02550	12
CALAMANDRANA	S00833	3
CALATABIANO	S12321	14
CALATAFIMI	S12151	14
CALBEZANO	S06080	
CALCERANICA	S02307	9
CALCIANO	S11455	15
CALCIO	S01712	1
CALDE`	S01117	1
CALDIERO	S02437	12
CALDONAZZO	S02308	9
CALENZANO	S06417	13
CALITRI PESCOPAGANO	S09620	18
CALLIANO	S02041	
CALOLZIOCORTE OLGINATE	S01524	1
CALOPEZZATI	S11815	17
CALTAGIRONE	S12270	14
CALTANISSETTA CENTRALE	S12381	14
CALTANISSETTA XIRBI	S12380	14
CALTIGNAGA	S00020	3
CALUSCO	S01503	1
CALUSO	S00158	3
CALVISANO	S01843	1
CAMAIORE LIDO CAPEZZANO	S06043	13
CAMBIANO	S06804	13
CAMBIANO SANTENA	S00456	3
CAMERANO ASPIO	S07021	
CAMMARATA S.GIOVANNI GEMINI	S12207	14
CAMNAGO-LENTATE	S01316	1
CAMOGLI SAN FRUTTUOSO	S04716	2
CAMPAGNA SERRE PERSANO	S09825	18
CAMPELLO	S07219	6
CAMPIGLIA MARITTIMA	S06031	13
CAMPO DI CARNE	S08706	5
CAMPO DI GIOVE	S08903	19
CAMPO DI GIOVE-MONTE MAIELLA	S08919	19
CAMPO DI NUSCO	S09626	18
CAMPO DI TRENS 	S02007	9
CAMPOBASSO	S09459	7
CAMPOBELLO DI MAZARA	S12112	14
CAMPOBELLO RAVANUSA	S12385	14
CAMPODARSEGO	S02527	12
CAMPOFELICE	S12017	14
CAMPOFRANCO	S12211	14
CAMPOLATTARO	S09505	18
CAMPOLEONE	S08602	5
CAMPOLIETO MONACILIONI	S09462	7
CAMPOLIGURE MASONE	S04105	2
CAMPOMAGGIORE	S11454	15
CAMPOMARINO	S11020	7
CAMPOMELA	S12815	20
CAMPOMIGLIAIO	S06659	13
CAMPORA S.GIOV. SERRA AIELLO	S11745	17
CAMPORE	S00889	
CAMPORGIANO	S06324	13
CAMPOSAMPIERO	S02525	12
CAMPOSANTO	S05314	8
CAMUCIA CORTONA	S06921	13
CANCELLI DI FABRIANO	S07232	
CANCELLIERA	S08735	5
CANCELLO	S09213	18
CANCELLO ARNONE	S09002	18
CANDELA	S11204	16
CANDELO	S00071	3
CANDIA CANAVESE	S00157	3
CANDIA LOMELLINA	S00333	1
CANDIDA	S11105	16
CANDIOLO	S00512	3
CANDOGLIA ORNAVASSO	S01011	3
CANEGRATE	S01034	1
CANELLI	S00832	3
CANETRA	S07429	5
CANICATTI`	S12375	14
CANIGA	S12812	20
CANISTRO	S08812	
CANNARA	S07009	6
CANNE DELLA BATTAGLIA	S11406	16
CANNETO SULL`OGLIO	S01848	1
CANOSA DI PUGLIA	S11402	16
CANTALUPO DEL SANNIO	S09451	7
CANTU`	S01451	1
CANTU`- CERMENATE	S01313	1
CANZO	S01099	
CAORSO	S01970	8
CAPACCIO ROCCADASPIDE	S11702	18
CAPACI	S12128	14
CAPALBIO	S08006	13
CAPANNELLE	S08672	5
CAPISTRELLO	S08850	19
CAPO BONIFATI	S11734	17
CAPO DI PONTE	N00229	
CAPO D`ORLANDO-NASO	S12030	14
CAPO SPARTIVENTO	S11858	17
CAPOCROCE	S08804	
CAPODACQUA PIEVE FANONICA	S07215	6
CAPOLONA	S06083	
CAPPELLE-MAGLIANO	S08525	19
CAPRALBA	S01603	1
CAPRANICA	S08311	5
CAPRAROLA	S08110	5
CAPRIATI AL VOLTURNO	S09061	7
CAPRIOLO	S01622	1
CAPRIVA	S03301	10
CAPUA	S09208	18
CARATE-CALO`	S01486	1
CARAVAGGIO	S01602	1
CARBONA	S05120	8
CARBONARA SCRIVIA	S04300	3
CARBONIA SERBARIU	S12818	20
CARBONIA STATO	S12972	
CARDILLO ZEN	S12140	14
CARENTINO	S00839	3
CARIATI	S11818	17
CARIMATE	S01315	1
CARINI	S12127	14
CARINI TORRE CIACHEA	S12799	14
CARISIO	S00055	3
CARMAGNOLA	S00601	3
CARMIGNANO DI BRENTA	S02532	12
CARNATE USMATE	S01511	1
CARNIA	S03016	10
CARONIA	S12025	14
CARONNO PERTUSELLA	S01076	
CAROVIGNO	S11133	16
CAROVILLI-ROCCASICURA	S08914	7
CARPANE`VALSTAGNA	S02502	12
CARPI	S02349	8
CARPIGNANO SESIA	S00971	3
CARPINONE	S09050	7
CARRARA AVENZA	S06005	13
CARRITO-ORTONA	S08533	19
CARRUBA	S12326	14
CARRU` CLAVESANA	S00738	3
CARSOLI	S08519	19
CARUGO - GIUSSANO	S01091	
CASABIANCA	S08730	5
CASACALENDA GUARDIALFIERA	S09465	7
CASAL SABINI	S11309	16
CASALBORDINO POLLUTRI	S07821	19
CASALBUONO	S09910	18
CASALBUTTANO	S01609	1
CASALE MONFERRATO	S00314	3
CASALE POPOLO	S00179	3
CASALECCHIO DI RENO	S05101	8
CASALECCHIO GARIBALDI	S05111	8
CASALEGGIO	S00972	3
CASALETTO	S09922	
CASALETTO VAPRIO	S01604	1
CASALMAGGIORE	S01850	1
CASALNUOVO	S09216	18
CASALPUSTERLENGO	S01827	1
CASANOVA KAISERAU	S02059	
CASARSA	S02830	10
CASCINA	S06505	13
CASELLE	S00087	
CASELLE AEROPORTO	S00088	
CASERTA	S09211	18
CASINO DI TERRA	S06751	13
CASLETTO-ROGENO	S01457	1
CASLINO AL PIANO	N00037	
CASLINO D'ERBA	S01098	
CASOLI	S07991	
CASORATE SEMPIONE	S01029	1
CASORIA	S09009	18
CASSAGO-NIBIONNO-BULCIAGO	S01490	1
CASSANO ALL`IONIO	S11900	17
CASSANO D`ADDA	S01707	1
CASSANO IRPINO	S09611	18
CASSINE	S00864	3
CASSINO	S08671	5
CASSOLA	S02506	12
CASTAGNARO	S02368	12
CASTAGNETO CARDUCCI	S06029	13
CASTAGNO	S05122	13
CASTAGNOLE DELLE LANZE	S00828	3
CASTANO PRIMO	N00050	
CASTEGGIO	S01942	1
CASTEGNATO	N00204	
CASTEL BAGNOLO DI ORTE	S08114	5
CASTEL DI SANGRO	S08910	19
CASTEL D`ARIO	S02382	1
CASTEL FRENTANO	S07987	
CASTEL GANDOLFO	S08703	5
CASTEL LAGOPESOLE	S11212	15
CASTEL MADAMA	S08510	5
CASTEL S.ANGELO	S07407	5
CASTEL S.GIORGIO ROCCAPIEMONTE	S09704	18
CASTEL S.GIOVANNI	S01948	8
CASTEL S.PIETRO TERME	S05053	8
CASTELBELLO	S02208	9
CASTELBOLOGNESE	S05056	8
CASTELBUONO	S12020	14
CASTELDACCIA	S12010	14
CASTELDARNE 	S02105	9
CASTELDEBOLE	S05102	8
CASTELFERRETTI	S07200	11
CASTELFIORENTINO	S06802	13
CASTELFRANCI	S09609	18
CASTELFRANCO D'EMILIA	S05037	8
CASTELFRANCO IN MISCANO	S09323	
CASTELFRANCO VENETO	S02537	12
CASTELGUELFO	S05012	8
CASTELLALTO CANZANO	S07901	19
CASTELLAMMARE DEL GOLFO	S12120	14
CASTELLAMMARE DI STABIA	S09756	18
CASTELLANETA	S11507	
CASTELLANETA MARINA	S11463	16
CASTELLANZA	S01136	
CASTELLAZZO CASALCERMELLI	S04000	3
CASTELLEONE	S01606	1
CASTELLETTO BUSCA	S00720	3
CASTELLETTO TICINO	S01123	3
CASTELLINA CH	S06808	13
CASTELLINA MARITTIMA	S06024	13
CASTELLINO TANARO	S00741	3
CASTELLO DI GODEGO	S02507	12
CASTELLO D`ANNONE	S00465	3
CASTELLUCCHIO	S01923	1
CASTELLUCCIO	S09920	
CASTELL`ALFERO	S00343	3
CASTELMAGGIORE	S05724	8
CASTELNUOVO	S02093	12
CASTELNUOVO BELBO	S00836	3
CASTELNUOVO BERARDENGA	S06812	13
CASTELNUOVO DI GARFAGNANA	S06300	13
CASTELPLANIO CUPRAMONTANA	S07204	11
CASTELRAIMONDO CAMERINO	S07302	11
CASTELROSSO	S00233	3
CASTELSPINA PORTANOVA	S04001	3
CASTELVECCHIO PASCOLI	S06302	13
CASTELVETERE	S09608	18
CASTELVETRANO	S12113	14
CASTELVETRO	S01960	8
CASTIGLION DEL LAGO	S06923	6
CASTIGLION FIORENTINO	S06920	13
CASTIGLIONCELLO	S06729	13
CASTIGLIONE COSENTINO	S11909	17
CASTIGLIONE DI SICILIA	S12362	14
CASTIGLIONE IN TEVERINA	S08205	6
CASTIONE ANDEVENNO	S01429	1
CASTIONE DEI MARCHESI	S01964	8
CASTRO-POFI	S08663	5
CASTRONNO	S01208	1
CATANIA ACQUICELLA	S12337	14
CATANIA CENTRALE	S12332	14
CATANIA OGNINA	S12331	14
CATANZARO	S11956	17
CATANZARO LIDO	S11833	17
CATENANUOVA	S12244	14
CATTOLICA S.GIOVANNI GABICCE	S07102	8
CAULONIA	S11846	17
CAVA CARBONARA	S00279	1
CAVA DEI TIRRENI	S09816	18
CAVA MANARA	S01804	1
CAVA TIGOZZI	S01914	1
CAVAGNOLO BRUSASCO	S00423	3
CAVALLEGGERI AOSTA	S09113	18
CAVALLERMAGGIORE	S00603	3
CAVANELLA D`ADIGE	S05425	12
CAVANELLA PO	S05422	12
CAVARIA OGGIONA JERAGO	S01210	1
CAVAZZALE	S02147	12
CAVI	S04724	2
CAZZAGO S. MARTINO	N00238	
CA` DI BOSCHETTI	S06044	2
CECCANO	S08664	5
CECCHINA	S08732	5
CECINA	S06026	13
CEDEGOLO	N00231	
CEFALU`	S12019	14
CEGGIA	S02665	12
CELANO-OVINDOLI	S08528	19
CELLE	S04530	2
CELLE BULGHERIA ROCCAGLORIOSA	S11716	18
CENGIO	S00745	2
CENTALLO	S00608	3
CENTOLA	S11715	18
CEPRANO-FALVATERRA	S08666	5
CERBERE	S78500	
CERCENASCO	S00541	3
CERCHIO	S08530	19
CERCINA	S06956	13
CERDA	S12200	14
CEREA	S02364	12
CEREGNANO	S05417	12
CERIALE	S04517	2
CERIANO LAGHETTO SOLARO	N00248	
CERIGNOLA	S11103	16
CERLANO LAGHETTO	S01934	
CERNUSCO-MERATE	S01513	1
CERRETO D`ESI	S07300	11
CERTALDO	S06803	13
CERTOSA DI PAVIA	S01803	1
CERVARO	S11200	16
CERVIA-MILANO MARITTIMA	S05814	8
CERVIGNANO A.G.	S03207	10
CERVIGNASCO	S00546	3
CERVINARA	S09015	
CERVO SAN BARTOLOMEO	S04512	2
CESANO BOSCONE	S01112	
CESANO DI ROMA	S08319	5
CESANO MADERNO	S01086	
CESATE	S01075	
CESE	S09473	18
CESENA	S05066	8
CESENATICO	S05815	8
CETO - CERVENO	N00228	
CETRARO	S11735	17
CEVA	S00742	3
CHAMBAVE	S00141	4
CHATILLON SAINT VINCENT	S00142	4
CHERASCO	S00733	3
CHIANCHE CEPPALONI	S09510	18
CHIARAVALLE	S07201	11
CHIARI	S01713	1
CHIARONE	S08007	13
CHIASSO	S01301	1
CHIAVARI	S04722	2
CHIAVENNA	S01400	1
CHIERI	S00500	3
CHIETI	S07712	19
CHIEUTI SERRACAPRIOLA	S11021	16
CHIGNOLO PO	S01868	1
CHIOGGIA	S05428	12
CHIOMONTE	S00206	3
CHIRIALZA	S12899	20
CHIUDUNO	S01536	1
CHIURO	S01435	1
CHIUSA 	S02017	9
CHIUSANO COSSOMBRONE	S00429	3
CHIUSI C.T.	S06925	13
CHIVASSO	S00232	3
CIAMPINO	S08650	5
CIARDES	S02209	9
CINISI TERRASINI	S12126	14
CIRE'	S00090	
CIRELLA MAJERA`	S11730	17
CIRO'	S11820	17
CISANO CAPRINO BERGAMASCO	S01525	1
CISLAGO	N00015	
CISMON DEL GRAPPA	S02500	12
CISTERNA DI LATINA	S08603	5
CISTERNINO	S11131	16
CITERNA TARO	S06154	8
CITTADELLA	S02535	12
CITTADUCALE	S07406	5
CITTA` DELLA PIEVE	S08200	6
CITTIGLIO	N00032	
CIVATE	S01462	1
CIVIDALE	S03056	
CIVIDATE - MALEGNO	N00225	
CIVITA CASTELLANA	S08211	5
CIVITA D`ANTINO-MORINO	S08853	19
CIVITANOVA MARCHE	S07506	11
CIVITAVECCHIA	S08010	5
CIVITAVECCHIA M.MA	S08012	5
CIVITAVECCHIA VIALE DELLA VITTORIA	S08024	5
CIVITELLA - BADIA AL PINO	S06066	
CIVITELLA PAGANICO	S06822	13
CIVITELLA ROVETO	S08852	19
CIXERRI	S12970	20
CLASSE	S05812	8
COCCAGLIO	S01540	1
COCCONATO	S00425	3
COCQUIO - TREVISAGO	N00030	
COCULLO	S08534	19
CODIGORO	S05799	
CODOGNO	S01828	1
CODOLA	S09703	18
CODROIPO	S02831	10
COGNO - ESINE	N00224	
COGOLETO	S04532	2
COLDRANO-MARTELLO	S02206	9
COLFELICE	S08820	
COLICO	S01420	1
COLLARMELE	S08548	
COLLE ISARCO 	S02005	9
COLLE MATTIA	S08651	5
COLLE VAL D`ELSA	S06840	13
COLLECCHIO	S06151	8
COLLEDIMEZZO	S07994	
COLLEFERRO-SEGNI-PALIANO	S08657	5
COLLEGNO	S00217	3
COLLESALVETTI	S06018	13
COLLEVECCHIO	S08221	5
COLLI DI MONTE BOVE	S08520	19
COLMEGNA	S01111	
COLOGNE	S01539	1
COLONNA GALLERIA	S08653	
COLORNO	S01852	8
COMIGNAGO	S00050	3
COMISO	S12411	14
COMO NORD BORGHI	N00043	
COMO NORD CAMERLATA	N00042	
COMO NORD LAGO	N00044	
COMO S. GIOVANNI	S01307	1
COMPIOBBI	S06902	13
COMPRE S.VINCENZO	S08816	
CONA F. C.	S05169	
CONDOFURI	S11861	17
CONDOVE	S00212	3
CONEGLIANO	S02706	12
CONSELICE	S05950	8
CONTEA LONDA	S06702	13
CONTESSE	S12355	14
CONTIGLIANO	S07404	5
CONTURSI TERME	S09826	18
CONZA ANDRETTA CAIRANO	S09618	
CORBETTA S. STEFANO	S01041	1
CORBEZZI	S05115	13
CORCHIANO	S08112	5
CORDOVADO SESTO	S02661	10
CORIGLIANO CALABRO	S11812	17
CORMANO - BRUSUGLIO	N00058	
CORMANO - BRUSUGLIO	S01080	
CORMONS	S03300	10
CORNIGLIA	S04734	2
CORNINO	S03053	10
CORNUDA	S02569	12
CORONELLA	S05719	
CORRIDONIA MOGLIANO	S07308	11
CORSANO	S09324	18
CORSICO	S01064	1
CORTEOLONA	S01865	1
COSENZA	S11910	17
COSIO TRAONA	S01424	1
COSSATO	S00973	3
COSTA	S02375	12
COSTA MASNAGA	S01491	1
COSTIGLIOLE (MOTTA DI)	S00348	3
COSTIGLIOLE D`ASTI	S00829	3
COSTIGLIOLE SALUZZO	S00702	3
COTIGNOLA	S05956	8
COTILIA	S07432	5
COURGNE'	S00888	
COZZE	S11151	16
COZZO	S00332	1
CREMA	S01605	1
CREMONA	S01915	1
CRESCENTINO	S00172	3
CRESPINO DEL LAMONE	S06607	
CRESSA FONTANETO	S00017	3
CREVALCORE	S05316	8
CROCETTA	S07988	
CROCICCHIE	S08317	5
CROPANI	S11830	17
CROTONE	S11823	17
CRUCOLI	S11819	17
CUCCIAGO	S01312	1
CUNEO	S00610	3
CUNEO GESSO	S00611	3
CUNICO SCANDELUZZA	S00427	3
CUPONE	S08810	19
CUPRAMARITTIMA	S07511	11
CUREGGIO	S00051	3
CURINGA	S11972	
CUSANO	S02700	10
CUTRO	S11826	17
CUZZAGO	S01010	3
DARFO-CORNA	S01006	
DECIMOMANNU	S12888	20
DEGO	S00877	2
DEIVA MARINA	S04728	2
DELEBIO	S01422	1
DERBY	S00162	4
DERVIO	S01408	1
DESENZANO	S02084	1
DESIO	S01320	1
DIAMANTE BUONVICINO	S11731	17
DIANO MARINA	S04511	2
DICOMANO	S06701	13
DIECIMO - PESCAGLIA	S06310	13
DITTAINO	S12240	14
DIVACA	S44200	
DOBBIACO 	S02113	9
DOGATO	S05174	
DOLE VILLE	S71341	
DOLO	S02587	12
DOMEGLIARA	S02055	12
DOMODOSSOLA	S01003	3
DONNA	S04202	3
DONNAFUGATA	S12412	14
DONNAZ	S00148	4
DORIO	S01407	1
DORMELLETTO	S01025	3
DORMELLETTO PAESE	S00980	3
DOSSOBUONO	S02330	12
DRAGONI	S09021	
DRONERO	S00722	3
DUBINO	S01405	1
DUEVILLE	S02146	12
DUGO SELO	S72517	
DUOMO VIA VERNIERI	S09819	
Dev.Int. DD/AV	S08220	5
EBOLI	S09824	18
ECA NASAGO`	S00926	3
ECCELLENTE	S11788	17
EDOLO	N00235	
EGNA-TERMENO 	S02032	9
EGNAZIA	S11154	16
ELLERA CORCIANO	S07003	6
ELMAS AEROPORTO	S12819	
EMPOLI	S06510	13
ENAS	S12856	20
ENNA	S12238	14
ENZITETO/CATINO	S11041	
EQUI TERME	S06226	13
ERBA	S01096	
ERBANNO - ANGONE	N00222	
ESTE	S02396	12
EXILLES	S00251	3
FIRENZE S.M.N.	S06421	13
FABRIANO	S07208	11
FABRIANO CA` MAIANO	S07059	11
FABRICA DI ROMA	S08111	5
FABRO-FICULLE	S08201	6
FAENZA	S05058	8
FAE`FORTOGNA	S02557	12
FAGARE	S02762	12
FAGNANO CAMPANA	S07420	19
FALCIANO MONDRAGONE CAR.	S09001	18
FALCONARA	S12405	14
FALCONARA IBLEA	S12440	
FALCONARA MARITTIMA	S07111	11
FALCONARA STADIO	S07117	11
FALCONE	S12038	14
FALERNA	S11747	17
FANNA - CAVASSO	S03083	10
FANO	S07105	11
FANZOLO	S02575	12
FARA	S00112	3
FARA SABINA	S08214	5
FARIGLIANO	S00737	3
FASANO	S11130	16
FAUGLIA - LORENZANA	S06021	13
FAVAZZINA	S11771	17
FAVRIA	S00885	
FEDERICO	S12136	14
FELEGARA - S.ANDREA BAGNI	S06103	8
FELETTO	S00883	
FELIZZANO	S00468	3
FELONICA PO	S05162	
FELTRE	S02564	12
FERENTINO-SUPINO	S08661	5
FERNO LONATE POZZOLO	S01138	
FEROLETO ANTICA PIANOPOLI	S11952	17
FERRANDINA	S11458	15
FERRANIA	S04804	2
FERRARA	S05712	8
FERRARA ALEOTTI	S05167	
FERRARA P. RENO	S05168	
FERRERA LOMELLINA	S00404	1
FERRUZZANO	S11856	17
FI ROVEZZANO	S06901	13
FIDENE	S08235	5
FIDENZA	S05009	8
FIERA	S12137	14
FIESOLE CALDINE	S06953	13
FIGLINE VALDARNO	S06908	13
FILATTIERA	S06165	13
FILDIDONNA	S12277	14
FILIANO	S11211	15
FINALE LIGURE MARINA	S04522	2
FINO MORNASCO	N00039	
FIORENZUOLA	S05007	8
FIRENZE CAMPO MARTE	S06900	13
FIRENZE CASTELLO	S06419	13
FIRENZE RIFREDI	S06420	13
FIRENZE STATUTO	S06430	13
FISCIANO	S09519	18
FIUMEFREDDO BRUZIO	S11741	17
FIUMEFREDDO DI SICILIA	S12322	14
FIUMELATTE	S01412	1
FIUMETORTO	S12015	14
FIUMICINO AEROPORTO	S08411	5
FIVIZZANO - GASSANO	S06223	13
FIVIZZANO ROMETTA - SOLIERA	S06222	13
FOGGIA	S11100	16
FOGNANO	S06618	
FOLIGNO	S07217	6
FOLLONICA	S06033	13
FONDI - SPERLONGA	S08606	5
FONTAN SAORGE	S00621	
FONTANA LIRI	S08818	
FONTANA LIRI INFERIORE	S08819	
FONTANAFREDDA	S02702	10
FONTANAROSA	S09199	
FONTANETTO PO	S00174	3
FONTANIVA	S02534	12
FONTEBUONA	S06619	13
FONTECCHIO	S07421	19
FONYOD	S03491	
FORENZA	S11210	15
FORGARIA BAGNI ANDUINS	S03054	10
FORLIMPOPOLI	S05065	8
FORLI`	S05059	8
FORMIA-GAETA	S08640	5
FORNACI DI BARGA	S06304	13
FORNO ALLIONE	N00232	
FORNOVO	S06153	8
FORTE DEI MARMI SERRAVEZZA Q.	S06011	13
FORTEZZA 	S02011	22
FOSCIANDORA - CESERANA	S06301	13
FOSSACESIA	S07819	19
FOSSACESIA - TORINO DI SANGRO	S07018	19
FOSSALTA DI PIAVE	S02667	12
FOSSALTA DI PORTOGRUARO	S03201	12
FOSSANO	S00606	3
FOSSATO DI VICO GUBBIO	S07209	6
FRAGNETO MONFORTE	S09506	18
FRAMURA	S04729	2
FRANCAVILLA	S12361	14
FRANCAVILLA AL MARE	S07813	19
FRANCAVILLA ANGITOLA F.	S11752	17
FRANCAVILLA FONTANA	S11603	16
FRANCIA	S12139	14
FRANCIOSA	S09842	
FRASCATI	S08751	5
FRASSO	S08806	
FRASSO T. DUGENTA	S09305	18
FRATTA	S02374	12
FRATTAMAGGIORE	S09008	18
FRATTAROLO	S11053	16
FRATTE	S09522	18
FRATTE CENTRO	S02524	12
FRATTE VILLA COMUNALE	S09524	18
FROSINONE	S08662	5
FRUGAROLO BOSCOMARENGO	S04200	3
FRUTIGEN	S07478	
FUNO CENTERGROSS	S05726	8
FURCI	S12313	14
FUSCALDO	S11738	17
GENOVA P.PRINCIPE	S04700	2
GABELLA GRANDE	S11871	17
GAGGI	S12358	14
GAGGIANO	S01063	1
GAGGIO	S02671	12
GAGLIOLE	S07311	11
GAIBANELLA	S05800	8
GAIFANA	S07212	6
GALATI	S12305	14
GALDO	S09900	18
GALLARATE	S01030	1
GALLESE BASSANELLO	S08113	5
GALLESE IN TEVERINA	S08210	5
GALLIATE	N00054	
GALLIERA	S05721	8
GALLIERA VENETA TOMBOLO	S02541	12
GAMALERO	S00861	3
GAMBERALE-S.ANGELO P.	S07997	
GAMBETTOLA	S05067	8
GAMBOLO`REMONDO`	S00274	1
GARBAGNA	S00030	3
GARESSIO	S00924	3
GARGAZZONE 	S02218	
GARIBALDI	N00090	
GARLASCO	S00276	1
GATTEO A MARE	S05816	8
GATTINARA	S00052	3
GAVIGNANO	S08241	
GAVIRATE	N00028	
GAVIRATE VERBANO	N00029	
GAVORRANO	S06036	13
GAZZADA SCHIANNO MORAZZONE	S01207	1
GAZZO DI BIGARELLO	S02381	1
GAZZO PIEVE S. GIACOMO	S01917	1
GELA	S12407	14
GEMELLI	S08326	5
GEMONA DEL FRIULI	S03019	10
GEMONIO	N00031	
GENGA S.VITTORE TERME	S07206	11
GENOVA ACQUASANTA	S04107	2
GENOVA BOLZANETO	S04218	2
GENOVA BORZOLI	S04109	2
GENOVA BRIGNOLE	S04702	2
GENOVA CORNIGLIANO	S04538	2
GENOVA COSTA DI SESTRI PONENTE	S04110	2
GENOVA GRANARA	S04108	2
GENOVA MARITTIMA S. LIMBANIA	S04603	2
GENOVA NERVI	S04707	2
GENOVA P. PRINCIPE SOTTERRANEA	S04701	2
GENOVA PEGLI	S04536	2
GENOVA PONTEDECIMO	S04217	2
GENOVA PRA	S04535	2
GENOVA QUARTO DEI MILLE	S04704	2
GENOVA QUINTO AL MARE	S04705	2
GENOVA RIVAROLO	S04219	2
GENOVA S.BIAGIO	S04222	2
GENOVA SAMPIERDARENA	S04220	2
GENOVA SAN QUIRICO	S04213	
GENOVA SESTRI PONENTE	S04537	2
GENOVA STURLA	S04703	2
GENOVA VESIMA	S04540	2
GENOVA VIA DI FRANCIA	S04223	2
GENOVA VOLTRI	S04534	2
GENOVA VOLTRI MARE	S04541	
GERENZANO - TURATE	N00014	
GERMAGNANO	S00096	
GHEDI	S01841	1
GHEMME	S00110	3
GHISLARENGO	S00974	3
GHIVIZZANO - COREGLIA	S06306	13
GIACHERY	S12138	14
GIAMPILIERI	S12308	14
GIAROLE	S00316	3
GIARRE RIPOSTO	S12324	14
GIAVE	S12866	20
GINOSA	S11462	16
GIOIA DEL COLLE	S11505	16
GIOIA TAURO	S11766	17
GIOIOSA JONICA	S11848	17
GIOJOSA MAREA	S12033	14
GIOVI	S06084	
GIOVINAZZO	S11115	16
GIUBIASCO	S00850	
GIUGLIANO QUALIANO	S09100	18
GIULIANOVA	S07802	19
GIUNCANO	S07225	6
GIUNCARICO	S06037	13
GIZZERIA LIDO	S11748	17
GLORIE	S05809	8
GODO	S05904	8
GOLE DI ALCANTARA	S12366	14
GOLFO ARANCI	S12852	20
GONZAGA-REGGIOLO	S02344	1
GOPPESTEIN	S07474	
GORGO AL MONTICANO	S02766	12
GORIANO SICOLI	S08535	19
GORIZIA CENTRALE	S03304	10
GOZZANO	S00015	3
GRAGNANO	S09758	18
GRAGNOLA	S06224	13
GRAMMICHELE	S12272	14
GRANAIOLO	S06801	13
GRANAROLO	S05955	8
GRANDATE - BRECCIA	N00041	
GRANITI	S12359	14
GRASSANO	S11456	15
GRAVELLONA TOCE	S00007	3
GRAVINA IN PUGLIA	S11306	16
GRECCIO	S07403	5
GRICIGNANO	S09300	18
GRIGNANO	S03315	10
GRIGNASCO	S00106	3
GRIGNO	S02317	9
GRISIGNANO DI ZOCCO	S02579	12
GRISOLIA S.MARIA	S11729	17
GRIZZANA	S05133	8
GROANE	S01927	
GROPELLO CAIROLI	S00277	1
GROSSETO	S06039	13
GROTTAGLIE	S11602	16
GROTTAMMARE	S07512	11
GROTTE	S12372	14
GROTTE S.STEFANO	S08301	5
GRUMELLO DEL MONTE	S01537	1
GRUMO APPULA	S11502	16
GUALDO TADINO	S07211	6
GUARDAVALLE	S11843	17
GUARDIA MANGANO SANTA VENERINA	S12327	14
GUARDIA PIEMONTESE TERME	S11737	17
GUARDIAREGIA	S09456	7
GUIDONIA-MONTECELLO-S.ANGELO	S08506	5
GYEKENYES	S00125	
HONE BARD	S00147	4
HORB	S29399	
IGEA MARINA	S05818	8
IGLESIAS	S12950	20
IL CIONFO	S06958	
IL CIONFO BIN. LE CURE	S06957	13
IL CIONFO BIN. SALVIATI	S06951	13
IL NETO	S06424	13
IMOLA	S05054	8
IMPERIA ONEGLIA	S04510	2
IMPERIA PORTO MAURIZIO	S04509	
INCISA	S06907	13
INCISA SCAPACCINO	S00835	3
INCORONATA	S11101	16
INDICATORE	S06914	13
INDUNO OLONA	S01204	1
INVERIGO	S01093	
IPOGEO DEGLI OTTAVI	S08330	5
ISELLE DI TRASQUERA	S01952	
ISEO	N00210	
ISERNIA	S09053	7
ISOLA CAPO RIZZUTO	S11825	17
ISOLA DEL CANTONE	S04210	2
ISOLA DELLA SCALA	S05307	12
ISOLA DELLE FEMMINE	S12129	14
ISOLA D`ASTI	S00347	3
ISOLA LIRI	S08858	5
ISOLETTA-S.GIOVANNI I.	S08665	5
ISPICA	S12421	14
ISPRA	S01121	1
ISTRANA	S02539	12
ITRI	S08607	5
IVREA	S00154	3
JENBACH	S01176	
JESI	S07202	11
JOPPOLO	S11763	17
KANDERSTEG	S07475	
KARLSRUHE HBF	S01800	
KNITTEFELD	S03612	
KOELN HBF	S02100	
KRIZEVCI	S73107	
LA BRIGUE	S00634	
LA FIORA	S08808	5
LA GIUSTINIANA	S08321	5
LA RUSTICA UIR	S08514	
LA SALLE	S00132	4
LA SPEZIA CENTRALE	S06000	2
LA SPEZIA MIGLIARINA	S06004	2
LA STORTA	S08320	5
LABICO	S08654	
LABRO MOGGIO	S07427	5
LACES	S02207	9
LADISPOLI-CERVETERI	S08021	5
LAGONEGRO	S09911	15
LAIGUEGLIA	S04514	2
LAIVES 	S02029	9
LAMA	S05418	12
LAMA DI RENO	S05121	8
LAMBRINIA	S01869	1
LAMBRUGO - LURAGO D'ERBA	S01094	
LAMEZIA TERME CENTRALE	S11749	17
LAMEZIA TERME NICASTRO	S11951	17
LAMEZIA TERME SAMBIASE	S11950	17
LANA-POSTAL 	S02219	9
LANCENIGO	S02710	12
LANCETTI	N00092	
LANCIANO	S07986	
LANUVIO	S08733	5
LANZARA FIMIANI	S09707	18
LANZO	S00095	
LAPIO	S09604	
LARINO	S09466	7
LASA	S02204	9
LASCARI	S12018	14
LATERINA	S06912	13
LATIANO	S11606	16
LATINA	S08608	5
LATISANA LIGNANO B.	S03202	10
LAURIANO	S00421	3
LAVAGNA	S04723	2
LAVENO MOMBELLO	S01118	1
LAVEZZOLA	S05806	8
LAVINO	S05041	8
LAVIS	S02037	9
LAVORATE	S09708	18
LE CAVE	S02009	
LE PIAGGE	S06516	13
LECCE	S11145	16
LECCO	S01520	1
LECCO MAGGIANICO	S01522	1
LEGGIUNO MONVALLE	S01120	1
LEGNAGO	S02366	12
LEGNANO	S01033	1
LENDINARA	S02373	12
LENTINI	S12341	14
LENTINI DIRAMAZIONE	S12340	14
LEONESSA	S11219	15
LEONFORTE-PIRATO	S12239	14
LERCARA BASSA	S12205	14
LERINO	S02578	12
LESA	S01018	3
LESEGNO	S00954	3
LESMO	S01501	1
LETOJANNI	S12316	14
LEVADA	S02568	12
LEVANTO	S04731	2
LEVATA	S02019	
LEVICO	S02309	9
LEZZA - CARPESINO	N00075	
LICATA	S12400	14
LIDO DI CLASSE-LIDO DI SAVIO	S05813	8
LIDO DI LAVINIO	S08708	5
LIDO DI TURBIGO	N00052	
LIERNA	S01413	1
LIMONE	S00617	3
LIONI	S09616	18
LIONI VALLE DELLE VITI	S09628	18
LISIDE	S11124	
LISIERA	S02530	12
LISON	S02663	12
LISSONE-MUGGIO`	S01321	1
LIVORNO CENTRALE	S06725	13
LIVORNO FERRARIS	S00237	3
LOANO	S04519	2
LOCATE TRIULZI	S01801	1
LOCATE V. - CARBONATE	N00017	
LOCRI	S11851	17
LODI	S01825	1
LOMAZZO	N00036	
LOMELLO	S00405	1
LONATO	S02083	1
LONGARONE ZOLDO	S02556	12
LONGOBARDI	S11742	17
LONIGO	S02441	12
LOREO	S05423	12
LORETO	S07503	11
LUCCA	S06404	13
LUCIGNANO - MARCIANO - POZZO	S06069	
LUGO	S05951	8
LUINO	S01113	1
LUMIGNACCO	S03125	10
LUNGAVILLA	S01806	1
LUNGHEZZA	S08503	5
LUNI	S06003	
LUOGOSANO	S09606	18
LUSERNA S. GIOVANNI	S00523	3
LYON ST EXUPERY	S76290	
L`AQUILA	S07414	19
MILANO CENTRALE	S01700	1
MACCAGNO	S13653	
MACCARESE	S08020	5
MACERATA	S07307	11
MACERATA FONTESCODELLA	S07313	11
MACHERIO SOVICO	S01500	1
MACHERIO-CANONICA	S01484	1
MACOMER	S12869	20
MADDALENE	S00607	3
MADDALONI INFERIORE	S09212	18
MADDALONI SUPERIORE	S09303	18
MADIGNANO	S01610	1
MADONNA DEL PIANO	S08108	5
MADONNA DEL PILONE	S00820	3
MADONNA DELLA SCALA	S00501	3
MADONNA DELLE GRAZIE	S09773	
MADONNA DI CAMPAGNA	S00083	
MADONNA DI CASTRO	S12853	20
MAERNE DI MARTELLAGO	S02512	12
MAGENTA	S01040	1
MAGIONE	S07002	6
MAGLIANA	S08404	5
MAGLIANO CRAVA MOROZZO	S00951	3
MAGNA GRECIA	S11042	
MAGNACAVALLO	S05159	
MAGRE`- CORTACCIA	S02033	9
MAJANO	S03051	10
MALEO	S01910	1
MALLES VENOSTA	S02200	9
MALNATE	N00023	
MALONNO	N00233	
MALPENSA	S01139	
MALTIGNANO DEL TRONTO	S07555	11
MANAROLA	S04735	2
MANDATORICCIO CAMPANA	S11817	17
MANDELA-SAMBUCI	S08512	5
MANDELLO DEL LARIO	S01415	1
MANDOLOSSA	N00203	
MANDRAS	S12898	
MANERBIO	S01902	1
MANFREDONIA	S11054	16
MANIAGO	S03084	10
MANOPPELLO	S07710	19
MANTA	S00700	3
MANTOVA	S02336	1
MANTOVA FRASSINE	S02380	1
MANZANO	S03030	10
MANZIANA-CANALE MONTERANO	S08314	5
MARANO	S02142	12
MARANO TICINO	S00983	3
MARATEA	S11723	15
MARAUSA	S12104	14
MARCARIA	S01921	1
MARCELLINA VERBICARO ORSOMARSO	S11728	17
MARCELLINA-PALOMBARA	S08507	5
MARCELLINARA	S11953	17
MARCIANISE	S09301	18
MARCONI	S11121	
MARCONIA	S11800	15
MARECHIARO	S08716	5
MARGARITA	S00902	3
MARGHERITA DI SAV./OFANTINO	S11107	16
MARIANO COMENSE	S01089	1
MARIANOPOLI	S12234	14
MARIGLIANO	S09750	18
MARINA DI CERVETERI	S08022	5
MARINA DI MARATEA	S11724	15
MARINA DI SAN LORENZO	S11862	17
MARINELLA	S12854	20
MARINO	S08701	5
MARINO DEL TRONTO FOLIGNANO	S07556	11
MARLENGO	S02214	9
MARMORE	S07401	6
MARONE - ZONE	N00214	
MAROTTA MONDOLFO	S07107	11
MARRADI	S06610	13
MARRUBIU TERRALBA ARBOREA	S12879	20
MARSALA	S12107	14
MARZABOTTO	S05105	8
MARZAMEMI	S12444	14
MARZOCCA	S07109	11
MASCALI	S12323	14
MASCHIO	S04811	2
MASI TORELLO	S05171	
MASSA CENTRO	S06009	13
MASSAFISCAGLIA	S05179	
MASSAFRA	S11510	16
MASSALOMBARDA	S05952	8
MASSAROSA BOZZANO	S06350	13
MATELICA	S07301	11
MATHI	S00093	
MATREI	S02263	
MATRICE MONTAGANO	S09461	7
MATTARELLO	S02040	
MAZARA DEL VALLO	S12110	14
MEDA	S01087	
MEDE	S00406	1
MEDESANO	S06102	8
MEDUNO	S03082	10
MEINA	S01019	3
MELANO MARISCHIO	S07065	11
MELE	S04106	2
MELEGNANO	S01822	1
MELFI	S11206	15
MELITO DI PORTO SALVO	S11863	17
MELZO	S01705	1
MELZO SCALO	S02215	
MEMMENANO	S06075	
MENTON	S75648	
MEOLO	S02668	12
MERANA	S00875	3
MERANO	S02216	22
MERANO MAIA BASSA	S02217	9
MERCATO SAN SEVERINO	S09706	18
MERCENASCO	S00156	3
MERGOZZO	S01012	3
MERONE	S01454	1
MESAGNE	S11607	16
MESSINA CENTRALE	S12301	14
MESSINA MARITTIMA	S12300	14
MESTRINO	S02580	12
METAPONTO	S11461	15
MEZZANI RONDANI	S01851	8
MEZZANO	S05810	8
MEZZOCORONA	S02035	9
MI P.GAR.SOTT.	S01647	1
MI.P.GENOVA	S01631	1
MIGLIARINO	S05176	
MIGLIARO	S05178	
MIGNANEGO	S04212	2
MIGNANO DI MONTE LUNGO	S09201	18
MILANO AFFORI	S01078	
MILANO BOVISA FNM	S01642	1
MILANO BRUZZANO	S01079	
MILANO CERTOSA	S01640	1
MILANO DATEO	S01650	1
MILANO FARINI	S01644	
MILANO GRECO PIRELLI	S01326	1
MILANO LAMBRATE	S01701	1
MILANO LANCETTI	S01643	1
MILANO NORD CADORNA	S01066	
MILANO NORD DOMODOSSOLA	S01067	
MILANO NORD QUARTO OGGIARO 	S01069	
MILANO PORTA GARIBALDI	S01645	1
MILANO PORTA ROMANA	S01632	1
MILANO PORTA VITTORIA	S01633	1
MILANO REPUBBLICA	S01648	
MILANO ROGOREDO	S01820	1
MILANO ROMOLO	S01032	1
MILANO S. CRISTOFORO	S01630	1
MILANO VENEZIA	S01649	1
MILANO VILLAPIZZONE	S01639	
MILAZZO	S12042	14
MILETO	S11790	17
MILITELLO	S12276	14
MIMMOLE	S06954	13
MINEO	S12275	14
MINERVINO MURGE	S11403	16
MINTURNO	S09150	5
MINUCCIANO - PIEVE - CASOLA	S06227	13
MIRA MIRANO	S02588	12
MIRADOLO TERME	S01867	1
MIRAMARE	S03311	
MIRANDOLA	S05311	8
MIRTO CROSIA	S11814	17
MISANO ADRIATICO	S07119	8
MODANE	S00201	
MODANE FX	S00190	
MODENA	S05032	8
MODICA	S12417	14
MODUGNO	S11500	
MODUGNO CITTA`	S11515	16
MOGLIANO VENETO	S02717	12
MOIANA	S01456	1
MOIMACCO	S03058	
MOJO-ALCANTARA MALVAGNA	S12363	14
MOLA DI BARI	S11127	16
MOLARE	S04102	3
MOLFETTA	S11114	16
MOLINA CASTEL VECCHIO SUBAQUEO	S07424	19
MOLINO DEL PALLONE	S05112	8
MOLTENO	S01458	1
MOMBALDONE ROCCAVERANO	S00873	3
MOMBARUZZO	S00808	3
MOMO	S00019	3
MONASTERACE STILO	S11844	17
MONASTERO PRATAVECCHI	S00721	3
MONCALIERI	S00453	3
MONCALIERI SANGONE	S00510	3
MONCALVO	S00340	3
MONCHIERO DOGLIANI	S00735	3
MONDOVI`	S00952	3
MONEGLIA	S04727	2
MONFALCONE	S03310	10
MONGARDINO	S00801	3
MONGRASSANO CERVICATI	S11905	17
MONGUELFO VALLE DI CASIES	S02111	9
MONOPOLI	S11129	16
MONSAMPOLO DEL TRONTO	S07553	11
MONSELICE	S05703	12
MONTAGNANA	S02392	12
MONTAGUTO PANNI	S09319	18
MONTALE AGLIANA	S06415	13
MONTALLESE	S06856	13
MONTALTO DI CASTRO	S08008	5
MONTALTO DORA	S00153	3
MONTALTO ROSE	S11908	17
MONTANARO	S00160	3
MONTE AMIATA	S06818	
MONTE ANTICO	S06820	13
MONTE ARCAU	S12973	20
MONTE GIORDANO	S11805	17
MONTE MELINO	S07014	6
MONTE S. SAVINO	S06068	
MONTE S.BIAGIO	S08605	5
MONTEBELLO	S02443	12
MONTEBELLUNA	S02570	12
MONTECALVO BUONALBERGO CASALB.	S09315	18
MONTECARLO SAN SALVATORE	S06408	13
MONTECAROTTO CASTELBELLINO	S07203	11
MONTECATINI CENTRO	S06412	13
MONTECATINI TERME	S06411	13
MONTECHIARO DENICE	S00872	3
MONTECHIARO D`ASTI	S00428	3
MONTECORVINO	S09822	18
MONTECOSARO	S07310	11
MONTEFALCIONE	S09602	18
MONTEFIASCONE	S08303	5
MONTEFREDANE	S09529	18
MONTEGROSSO	S00803	3
MONTEIASI	S11601	16
MONTELLA	S09612	18
MONTELLO GORLAGO	S01535	1
MONTELUPO CAPRAIA	S06511	13
MONTEMAGGIORE	S12203	14
MONTEMARANO	S09610	18
MONTEMARCIANO	S07110	11
MONTEMILETTO	S09603	18
MONTENERO PETACCIATO	S07825	7
MONTEPAONE - MONTAURO	S11836	17
MONTEPESCALI	S06038	13
MONTEPRANDONE	S07554	11
MONTEPULCIANO	S06855	13
MONTEREALE VALCELLINA	S03085	10
MONTERODUNI	S09057	7
MONTERONI D`ARBIA	S06871	13
MONTEROSSO	S04732	2
MONTEROSSO MARCHE	S07062	11
MONTEROTONDO	S08215	5
MONTESANO BUONABITACOLO	S09909	18
MONTESANTO	S05801	8
MONTESILVANO	S07808	19
MONTEU DA PO	S00422	3
MONTEVARCHI TERRANUOVA	S06910	13
MONTEVERDE	S09624	15
MONTI TELTI	S12857	20
MONTICCHIO	S09622	15
MONTICELLI D`ONGINA	S01971	8
MONTICELLO D`ALBA	S00823	3
MONTIGLIO MURISENGO	S00426	3
MONTIRONE	S01840	1
MONTJOVET	S00144	4
MONTORO FORINO	S09518	18
MONTORO SUPERIORE	S09517	18
MONTORSI	S09528	18
MONTORSOLI	S06601	13
MONTREUX	S01235	
MONZA	S01322	1
MONZA SOBBORGHI	S01480	1
MONZONE-M.DEI BANCHI-ISOLANO	S06225	13
MONZUNO	S05132	8
MORANO SUL PO	S00177	3
MORBEGNO	S01425	1
MORCONE	S09503	18
MORENGO BARIANO	S01710	1
MORES ITTIREDDU	S12864	20
MORETTA	S00544	3
MORGEX	S00131	4
MORI	S02046	9
MORNAGO CIMBRO	S01144	1
MOROLO	S08660	5
MOROSOLO - CASCIAGO	N00026	
MORRA DE SANCTIS TEORA	S09617	18
MORREA-CASTRONOVO-RENDINARA	S08813	
MORROVALLE MONTE S.GIUSTO	S07309	11
MORTARA	S00034	1
MOSCIANO S. ANGELO	S07904	19
MOSSA	S03302	10
MOTTA CAMASTRA	S12360	14
MOTTA DI LIVENZA	S02767	12
MOTTA S. DAMIANO	S01862	1
MOTTA SAN GIOVANNI LAZZARO	S11865	17
MOTTEGGIANA	S02339	1
MOZIA-BIRGI	S12105	14
MOZZATE	N00016	
MOZZECANE	S02332	12
MULINETTI	S04713	2
MURATELLA	S08400	5
MURLO	S06876	13
MUSEI	S12953	20
MUSIANO-PIAN DI MACINA	S05139	8
MUSSOTTO	S00824	3
MUZZANA DEL TURGNANO	S03204	10
NAPOLI CENTRALE	S09218	18
NAGYKANIZSA	S03624	
NAPOLI CAMPI FLEGREI	S09103	18
NAPOLI GIANTURCO	S09110	18
NAPOLI MERGELLINA	S09105	18
NAPOLI MONTESANTO	S09107	18
NAPOLI PIAZZA GARIBALDI	S09109	18
NAPOLI PIAZZA LEOPARDI	S09104	18
NAPOLI S.GIOV.BARRA	S09800	18
NAPOLI SCALO MERCI	S09010	
NAPOLI TRACCIA	S09220	
NARNI AMELIA	S07230	6
NARZOLE	S00734	3
NASISI	S11600	16
NATURNO	S02211	9
NAVACCHIO	S06502	13
NEIVE	S00827	3
NERA MONTORO	S07229	6
NETTUNO	S08710	5
NIARDO - LOSINE	N00227	
NIBBIA	S00976	3
NICHELINO	S00511	3
NICORVO	S00273	1
NICOTERA	S11764	17
NIELLA	S00739	3
NISCEMI	S12392	14
NIZZA DI SICILIA	S12311	14
NIZZA MONFERRATO	S00834	3
NOALE SCORZE`	S02510	12
NOCERA INFERIORE	S09814	18
NOCERA INFERIORE MERCATO	S09709	18
NOCERA SUPERIORE	S09815	18
NOCERA TIRINESE	S11746	17
NOCERA UMBRA	S07213	6
NOCETO	S06101	8
NOGARA	S05310	12
NOLA	S09700	18
NOLA INTERPORTO	S09699	
NOLE	S00091	
NONE	S00513	3
NOTARESCO	S07903	19
NOTO	S12424	14
NOTO BAGNI	S12446	
NOVA GORICA	S03303	
NOVA SIRI ROTONDELLA	S11803	15
NOVARA	S00248	3
NOVARA FERROVIA NORD MILANO	S00023	
NOVARA MONTALBANO FURNARI	S12039	14
NOVARA NORD	N00055	
NOVATE MILANESE	S01070	
NOVATE-MEZZOLA	S01403	1
NOVE	S02734	12
NOVI LIGURE	S04203	3
NOZZANO	S06351	13
NUCETTO	S00920	3
NUOVO SALARIO	S08231	5
NUS	S00140	4
NUSCO	S09614	18
OCCHIOBELLO	S05710	12
ODERZO	S02765	12
OFFICINE G.R. SALINE JONICHE	S11968	
OFFIDA CASTEL DI LAMA	S07551	11
OGGIONO	S01460	1
OLBIA	S12855	20
OLBIA MARITTIMA ISOLA BIANCA	S12901	20
OLCENENGO	S00244	3
OLCIO	S01414	1
OLEGGIO	S00984	3
OLEVANO	S00036	1
OLGIATA	S08333	5
OLGIATE-CALCO-BRIVIO	S01514	1
OLIVERI TINDARI	S12037	14
OLIVETTA SAN MICHELE	S04480	2
OLMENETA	S01905	1
OLMI SPERCENIGO	S02760	12
OLTEN	S01150	
OMEGNA	S00010	3
OMEGNA CRUSINALLO	S00008	3
OMIGNANO SALENTO	S11708	18
ORA	S02031	9
ORBETELLO	S08004	13
ORCIANO	S06022	13
ORDONA	S11202	16
ORIA	S11605	16
ORICOLA-PERETO	S08518	19
ORIO LITTA	S01870	1
ORIOLO	S08313	5
ORIS	S02203	9
ORISTANO	S12878	20
ORMEA	S00927	
ORNAVASSO	S00006	3
ORSA	S12121	14
ORSAGO	S02704	12
ORSARA DI PUGLIA	S09320	16
ORTA MIASINO	S00012	3
ORTANOVA	S11102	16
ORTE	S08209	5
ORTONA	S07815	19
ORVIETO	S08203	6
OSCHIRI	S12860	20
OSIMO CASTELFIDARDO	S07502	11
OSNAGO	S01512	1
OSPEDALETTO EUGANEO	S02395	12
OSPEDALETTO LODIGIANO	S01871	1
OSPEDALICCHIO	S07012	6
OSPITALE DI CADORE	S02554	12
OSPITALETTO MANTOVANO	S01922	1
OSPITALETTO TRAVAGLIATO	S01716	1
OSTELLATO	S05175	
OSTERIA NUOVA	S05302	8
OSTIA PARMENSE	S06160	8
OSTIGLIA	S05304	1
OSTUNI	S11132	16
OTTAVIA	S08324	
OTTAVIANO	S09751	18
OULX CESANA CLAVIERE SESTRIERE	S00204	3
OVADA	S04103	3
OVADA NORD	S04007	3
OVIGLIO	S00840	3
OZIERI CHILIVANI	S12862	20
OZIERI FRAIGAS	S12861	20
OZZANO DELL'EMILIA	S05055	8
OZZANO MONFERRATO	S00337	3
OZZANO TARO	S06152	8
PALERMO CENTRALE	S12002	14
P.C.CANARO	S05709	12
P.M. BADESSE	S06826	13
P.M. RENO	S05047	
P.M.TORRICCHIO	S09717	
P.M.VAT	S03032	10
PABILLONIS	S12881	20
PACE DEL MELA	S12045	14
PACECO	S12103	14
PACHINO	S12445	14
PADERNO	N00205	
PADERNO DUGNANO	S01082	
PADERNO ROBBIATE	S01502	1
PADIGLIONE	S08707	5
PADOVA	S02581	12
PADOVA CAMPO MARTE	S02650	
PADULA	S09908	18
PADULI	S09313	18
PAESE	S02540	12
PAESE CASTAGNOLE	S02602	12
PAESTUM	S11703	18
PAGANI	S09813	18
PAGANICA	S07416	19
PALAGIANELLO	S11508	16
PALAGIANO CHIATONA	S11464	16
PALAGIANO MOTTOLA	S11509	16
PALAGONIA	S12279	14
PALAZZO REALE-ORLEANS	S12130	14
PALAZZO S.GERVASIO - MONTEMIL.	S11303	15
PALAZZOLO	S01083	
PALAZZOLO DELLO STELLA	S03203	10
PALAZZOLO SULL`OGLIO	S01538	1
PALAZZOLO VERCELLESE	S00175	3
PALENA	S08904	19
PALERMO BRANCACCIO	S12055	14
PALERMO NOTARBARTOLO	S12134	14
PALESTRO	S00271	1
PALIDANO	S02343	1
PALIZZI	S11859	17
PALLANZENO	S00002	3
PALLERONE	S06220	13
PALMA S.GENNARO	S09701	18
PALMANOVA	S03122	10
PALMI	S11769	17
PALO LAZIALE	S08018	5
PALOMBINA	S07112	11
PANICAGLIA	S06605	13
PANTANELLA	S08699	
PANTIERE DI CASTELBELLINO	S07234	11
PAOLA	S11739	17
PARABIAGO	S01035	1
PARATICO SARNICO	S01620	1
PARCO LEONARDO	S08412	5
PARCO PRENESTINO	S08495	
PARCO PRENESTINO BIN. ESTERNI	S08498	
PARGHELIA	S11759	17
PARMA	S05014	8
PARONA LOMELLINA	S01060	1
PARTINICO	S12124	14
PASSIGNANO SUL TRASIMENO	S07001	6
PASSIRANO	N00206	
PATERNOPOLI	S09607	18
PATTI-SAN PIERO PATTI	S12036	14
PAULILATINO	S12874	20
PAVIA	S01860	1
PAVIA PORTA GARIBALDI	S01861	1
PAVONA	S08731	5
PEDASO	S07510	11
PEDEROBBA CAVASO POSSAGNO	S02567	12
PEGOGNAGA	S05154	
PELLEZZANO	S09521	18
PENANGO	S00341	3
PERAROLO DI CADORE	S02553	12
PERCA	S02060	
PERCIANTI ARIANELLO	S09627	
PERGINE	S02305	9
PERGOLA	S07060	11
PERI	S02052	12
PERPIGNAN	S78400	
PERTENGO	S00311	3
PERTOSA	S09921	
PERUGIA	S07004	6
PERUGIA PONTE S.GIOVANNI	S07005	6
PERUGIA SILVESTRINI	S07013	
PERUGIA UNIVERSITA'	S07006	
PESARO	S07104	11
PESCANTINA	S02057	
PESCARA	S07810	19
PESCARA PORTA NUOVA	S07811	19
PESCARA S. MARCO	S07017	19
PESCHIERA DEL GARDA	S02088	12
PESCIA	S06409	13
PESCINA	S08532	19
PESCOCANALE	S08811	19
PESCOLANCIANO-CHIAUCI	S08915	7
PESCOSANNITA FRAGNETO L`ABATE	S09507	18
PESSIONE	S00457	3
PETINA	S09901	18
PETROSINO STRASATTI	S12109	14
PETTENASCO	S00011	3
PETTORANO SUL GIZIO	S08901	19
PIACENZA	S05000	8
PIADENA	S01919	1
PIAN DEL MUGNONE	S06952	13
PIAN DI BORNO	N00223	
PIAN DI VENOLA	S05114	8
PIANA	S00876	2
PIANA BELLA MONTELIBRETTI	S08222	5
PIANA DEL SIGNORE	S12394	14
PIANA DI M.VERNA	S09026	
PIANCAMUNO - GRATACASOLO	N00218	
PIANEROTTOLO DI ARIANO	S09317	18
PIANFEI	S00903	3
PIANIBBIE	S07990	
PIANO D`ORTA BOLOGNANO	S07714	19
PIANO ORIZZONTALE DEI GIOVI	S04216	2
PIANORO	S05131	8
PIANZANO	S02705	12
PIAZZA AL SERCHIO	S06325	13
PIAZZA AMEDEO	S09106	18
PIAZZA CAVOUR	S09108	18
PICERNO	S09833	15
PIEDIMONTE MATESE	S09999	
PIEDIMONTE-V.S.L.-AQUINO	S08680	
PIEDIMULERA	S00003	3
PIETRA LIGURE	S04520	2
PIETRABISSARA	S04209	2
PIETRAGALLA	S11213	15
PIETRAPAOLA	S11816	17
PIETRARSA	S09801	18
PIETRASANTA	S06012	13
PIETRELCINA	S09508	18
PIEVE ALBIGNOLA	S00402	1
PIEVE EMANUELE	S01104	
PIEVE LIGURE	S04711	2
PIEVE VERGONTE	S00004	3
PIEVETTA	S00922	3
PIGNATARO MAGGIORE	S09207	18
PILZONE	N00211	
PINAROLO PO	S01931	1
PINEROLO	S00517	3
PINEROLO OLIMPICA	S00082	3
PINETO	S08334	5
PINETO ATRI	S07806	19
PINO CONFINE	S13966	
PINO T.	S01110	
PINZANO	S03055	10
PIOLTELLO LIMITO	S01703	1
PIOMBINO	S06770	13
PIOMBINO BINARI MARE	S06775	13
PIOMBINO DESE	S02509	12
PIONA	S01406	1
PIOPPE DI SALVARO	S05106	8
PIOVE DI SACCO	S02598	
PIRAINETO	S12125	14
PISA BINARI AEROPORTO	S06450	13
PISA CENTRALE	S06500	13
PISA SAN ROSSORE	S06501	13
PISCINA DI PINEROLO	S00515	3
PISCIOLO	S09625	15
PISCIOTTA PALINURO	S11712	18
PISOGNE	N00217	
PISTICCI	S11459	15
PISTOIA	S06414	13
PISTOIA OVEST	S05151	
PITECCIO	S05116	13
PIVKA	S44100	
PIZZIGHETTONE	S01911	1
PIZZO	S11753	17
PLAUS	S02212	9
PLOAGHE	S12816	20
PM GROTTALUPARA	S11514	
POCAPAGLIA	S00842	3
POGGIBONSI	S06805	13
POGGIO - CAREGGINE - VAGLI	S06323	13
POGGIO FIDONI	S07428	5
POGGIO IMPERIALE	S11023	16
POGGIO MIRTETO	S08213	5
POGGIO RENATICO	S05720	8
POGGIO RUSCO	S05308	1
POGGIORSINI	S11305	16
POGGIRIDENTI-TRESIVIO-PIATEDA	S01433	1
POGLIOLA	S00904	3
POLESELLA	S05708	12
POLICASTRO BUSSENTINO	S11718	18
POLICORO TURSI	S11802	15
POLIGNANO A MARE	S11128	16
POLLA	S09903	18
POLLENZA	S07305	11
POLLINA	S12021	14
POMBIA	S01125	3
POMEZIA - S.PALOMBA	S08601	5
POMPEI	S09810	18
PONT	S00890	2
PONT SAINT MARTIN	S00149	4
PONTASSIEVE	S06904	13
PONTE A ELSA	S06807	13
PONTE A MORIANO	S06312	13
PONTE A TRESSA	S06869	13
PONTE ALBANITO	S09325	16
PONTE CASALDUNI	S09309	18
PONTE DELLA VENTURINA	S05123	8
PONTE DI BRENTA	S02585	12
PONTE DI PIAVE	S02763	12
PONTE D`ADDA	S01912	1
PONTE D`ADIGE	S02225	9
PONTE GALERIA	S08403	5
PONTE GARDENA	S02020	9
PONTE GINORI	S06752	13
PONTE IN VALTELLINA	S01434	1
PONTE NELLE ALPI POLPET	S02558	12
PONTE PARRANO DI NOCERA UMBRA	S07233	6
PONTE S. CONO	S09841	
PONTE S.MARCO - CALCINATO	S02082	1
PONTE S.PIETRO	S01528	1
PONTE TICINO	N00053	
PONTEBBA	S03010	10
PONTECAGNANO	S09821	18
PONTECCHIO MARCONI	S05103	8
PONTECURONE	S01809	3
PONTEDERA CASCIANA TERME	S06506	13
PONTELAGOSCURO	S05711	8
PONTELAMBRO - CASTELMARTE	S01097	
PONTELANDOLFO	S09504	18
PONTELATONE	S09027	
PONTENURE	S05005	8
PONTETTO	S04710	2
PONTI	S00871	3
PONTICINO	S06913	13
PONTIDA	S01526	1
PONTREMOLI	S06163	13
PONZANA	S00247	3
PONZANO MAGRA	S06200	2
POPOLANO	S06612	13
POPOLI VITTORITO	S07703	19
POPPI	S06074	
POPULONIA	S06773	13
PORCARI	S06406	13
PORDENONE	S02701	10
PORRENA - STRADA - MONTEM.	S06073	
PORRETTA  TERME	S05110	8
PORTA VENEZIA	N00094	
PORTACOMARO	S00344	3
PORTICHETTO - LUISAGO	N00040	
PORTICI- ERCOLANO	S09802	18
PORTO CERESIO	S01200	1
PORTO DI VASTO	S07822	19
PORTO D`ASCOLI	S07514	11
PORTO EMPEDOCLE	S12214	14
PORTO RECANATI	S07504	11
PORTO S. ELPIDIO	S07507	11
PORTO S. GIORGIO FERMO	S07508	11
PORTO TORRES	S12802	20
PORTO VALTRAVAGLIA	S01116	1
PORTO VARALLO POMBIA	S01124	3
PORTOGRUARO CAORLE	S03200	12
PORTOMAGGIORE	S05802	8
POSSIDENTE	S11220	15
POSTIOMA	S02601	12
POSTO COMUNICAZIONE DOLCE`	S02053	12
POSTOJNA	S00750	
POTENZA INFERIORE	S11420	15
POTENZA MACCHIA ROMANA	S11215	
POTENZA PICENA MONTELUPONE	S07505	11
POTENZA SUPERIORE	S11217	15
POVE DEL GRAPPA CAMPESE	S02505	12
POVO	S02301	
POZZALLO	S12420	14
POZZOLO FORMIGARO	S04330	3
POZZUOLI SOLFATARA	S09101	18
POZZUOLO MARTESANA	S01722	1
PRACCHIA	S05113	13
PRAJA AJETA TORTORA	S11725	17
PRASCO CREMOLINO	S04101	3
PRATA CAMPORTACCIO	S01417	
PRATA PRATOLA	S09513	18
PRATIGNONE	S06423	13
PRATO BORGONUOVO	S06426	13
PRATO CENTRALE	S06416	13
PRATO PORTA AL SERRAGLIO	S06422	13
PRATO SESIA	S00108	3
PRATO TIRES	S02024	
PRATOLA PELIGNA	S07700	19
PRATOLA PELIGNA SUPERIORE	S07601	19
PRATOVECCHIO	S06072	
PRATOVECCHIO STIA	S06071	
PREDOSA	S04003	3
PREGANZIOL	S02715	12
PREGNANA MILANESE	S01058	1
PREMOSELLO CHIOVENDA	S01009	3
PREZZA	S08536	19
PRE` SAINT DIDIER	S00130	4
PRIMOLANO	S02319	12
PRIOLA	S00923	3
PRIOLO MELILLI	S12347	14
PRIOLO SOPRANO	S12393	14
PRIVERNO FOSSANOVA	S08604	5
PROSECCO	S03551	
PROVAGLIO - TIMOLINE	N00209	
PUGLIA - CECILIANO	S06085	
PUNTA RAISI	S12133	14
PdE 2AV	S05299	
QUADRI-BORELLO	S07996	
QUARONA	S00102	3
QUART	S00138	4
QUARTESANA	S05170	
QUARTO DI MARANO	S09111	18
QUARTO D`ALTINO	S02670	12
QUATTRO VENTI	S08005	5
QUERCIANELLA	S06728	13
QUERO VAS	S02565	12
QUILIANO VADO	S04527	2
QUINCINETTO	S00150	3
QUISTELLO	S05156	
ROMA TERMINI	S08409	5
R.C.AEROPORTO	S11866	17
RACALMUTO	S12373	14
RACCONIGI	S00602	3
RACCORDO  X	N00181	
RAGUSA	S12414	14
RAGUSA IBLA	S12416	14
RAIANO	S07600	19
RANDAZZO	S12365	14
RAPALLO	S04720	2
RAPOLANO TERME	S06850	13
RAPOLLA - LAVELLO	S11207	
RAPONE RUVO S.FELE	S09621	15
RASSINA	S06078	
RASTIGNANO	S05138	8
RAVENNA	S05811	8
RECALE	S09302	18
RECCO	S04714	2
REDIPUGLIA	S03308	10
REGGIO CALABRIA CENTRALE	S11781	17
REGGIO CALABRIA LIDO	S11780	17
REGGIO DI CALABRIA ARCHI	S11973	
REGGIO DI CALABRIA BOCALE	S11969	
REGGIO DI CALABRIA CATONA	S11776	17
REGGIO DI CALABRIA GALLICO	S11777	17
REGGIO DI CALABRIA OMECA	S11970	
REGGIO DI CALABRIA PELLARO	S11867	17
REGGIO DI CALABRIA S.CATERINA	S11975	
REGGIO DI CALABRIA S.GREGORIO	S11868	17
REGGIO EMILIA	S05023	8
REGGIO EMILIA AV	S05254	8
REGOLEDO	S01410	1
REMANZACCO	S03059	
REMEDELLO SOPRA	S01845	1
REMEDELLO SOTTO	S01846	1
RENATE-VEDUGGIO	S01489	1
REPUBBLICA	N00095	
RESANA	S02508	12
RESCALDINA	S01135	
REVERE	S05305	1
REVIGLIONE DI SOMMA VESUVIANA	S09762	18
RHO	S01037	1
RHO FIERA MILANO	S01039	
RIACE	S11845	17
RIARDO	S09204	18
RICADI	S11761	17
RICCIONE	S07101	8
RIDOTTI-COLLEPIANO	S08815	
RIETI	S07405	5
RIGNANO GARGANICO	S11028	16
RIGNANO SULL`ARNO REGGELLO	S06906	13
RIGOLA - STADIO	S00084	
RIGOLI	S06401	13
RIGOMAGNO	S06851	13
RIGOROSO	S04208	3
RIMINI	S05071	8
RIMINI MIRAMARE	S07100	8
RIMINI TORRE PEDRERA	S05819	8
RIMINI VISERBA	S05820	8
RIMINIFIERA	S05057	
RIO DI PUSTERIA	S02102	9
RIO SECCO	S04004	3
RIOFREDDO	S08517	5
RIOLA	S05108	8
RIOMAGGIORE	S04736	2
RIONERO ATELLA RIPACANDITA	S11209	15
RIPABOTTONI S.ELIA	S09463	7
RIPAFRATTA	S06402	13
RIPARBELLA	S06750	13
RISANO	S03120	10
RIVA TRIGOSO	S04726	2
RIVALTA SCRIVIA	S04331	3
RIVAROLO	S00884	
RIVISONDOLI-PESCOCOSTANZO	S08905	19
ROBBIO	S00272	1
ROBECCO-PONTEVICO	S01904	1
ROBILANTE	S00615	3
ROCCA DI CORNO	S07410	19
ROCCA DI FONDI	S07409	5
ROCCA D`EVANDRO	S09200	5
ROCCA IMPERIALE	S11804	17
ROCCA RAVINDOLA	S09058	7
ROCCABERNARDA	S11828	17
ROCCACIGLIE`	S00740	3
ROCCADEBALDI	S00905	3
ROCCAGRIMALDA	S04006	3
ROCCALUMERA MANDANICI	S12312	14
ROCCAMURATA	S06159	8
ROCCAPALUMBA-ALIA	S12204	14
ROCCARASO	S08906	19
ROCCASECCA	S08668	5
ROCCASTRADA	S06823	13
ROCCAVALDINA	S12046	
ROCCAVIONE	S00614	3
ROCCAVIVI	S08814	
ROCCELLA JONICA	S11847	17
ROCCHETTA CAIRO	S00878	2
ROCCHETTA S.ANT.LAC.	S11205	16
ROCCHETTA TANARO CERRO	S00466	3
RODALLO	S00159	3
ROGOLO	S01423	1
ROLO NOVI FABBRICO	S02346	8
ROMA AURELIA	S08025	5
ROMA BALDUINA	S08327	
ROMA CASILINA	S08674	5
ROMA MONTE MARIO	S08322	5
ROMA NOMENTANA L.L.	S08236	5
ROMA NOMENTANA LM	S08232	
ROMA OSTIENSE	S08406	5
ROMA PRENESTINA	S08500	5
ROMA S.FILIPPO NERI	S08325	5
ROMA S.PIETRO	S08323	5
ROMA TIBURTINA	S08217	5
ROMA TIBURTINA PIAZZALE EST	S08226	5
ROMA TRASTEVERE	S08405	5
ROMA TUSCOLANA	S08408	5
ROMAGNANO SESIA	S00109	3
ROMAGNANO V.	S09829	18
ROMANO	S01711	1
ROMANORE	S02337	1
ROMETTA MESSINESE	S12049	14
RONCANOVA DI GAZZO VER.	S05303	12
RONCEGNO BAGNI-MARTER	S02312	9
RONCHI DEI LEGIONARI NORD	S03309	10
RONCIGLIONE	S08109	5
RONCO SCR.	S04211	2
RONTA	S06606	13
ROSARNO	S11765	17
ROSA`	S02521	12
ROSENHEIM	S03600	
ROSETO CAPO SPULICO	S11806	17
ROSETO DEGLI ABRUZZI	S07804	19
ROSIGNANO	S06730	13
ROSOLINA	S05424	12
ROSOLINI	S12422	14
ROSSANO	S11813	17
ROSSANO VENETO	S02522	12
ROSSIGLIONE	S04104	2
ROSTA	S00215	3
ROTONDI-PAOLISI	S09016	
ROTTEWEIL	S29411	
ROTTOFRENO	S01950	8
ROVASENDA	S00053	3
ROVASENDA ALTA	S00056	3
ROVATO	S01714	1
ROVATO CITTA	N00237	
ROVELLASCA - MANERA	N00035	
ROVELLO PORRO	N00034	
ROVERBELLA	S02333	1
ROVERETO	S02044	21
ROVERETO - S.V. - MEDELANA	S05173	
ROVETO BIMMISCA	S12442	
ROVIANO	S08515	5
ROVIGLIANO	S09771	
ROVIGO	S05706	12
RUBIERA	S05031	8
RUDALZA	S12895	20
RUFINA	S06703	13
RUSSI	S05903	8
RUTINO	S11707	18
S SOSTENE	S11838	
S. AMBROGIO	S00213	3
S. ANGELO CINIGIANO	S06819	
S. ANGELO IN FOR.	S09030	
S. ANTONINO DI SALUGGIA	S00236	3
S. ANTONINO VAIE	S00211	3
S. BENIGNO	S00881	
S. CASSIANO VALCHIAVENNA	S01401	1
S. CRISTINA E BISSONE	S01866	1
S. DAMIANO D`ASTI	S00461	3
S. DONA` DI PIAVE	S02666	12
S. EUROSIA	S08739	5
S. FELICE A CANCELLO-ARIENZO	S09019	
S. GENNARO	S08737	
S. GERMANO VERCELLESE	S00243	3
S. GIACOMO DI TEGLIO	S01436	1
S. GIOVANNI IN CROCE	S01849	1
S. GIULIANO MILANESE	S01821	1
S. GIULIANO PIACENTINO	S01961	8
S. IORIO	S09029	
S. MAMA	S06079	
S. MARCO	S09022	
S. MARGHERITA LIGURE PORTOFINO	S04718	2
S. MARIA A VICO	S09018	
S. MARIA DELLE MOLE	S08738	5
S. MARTINO V.C.-M.SARCHIO-P.RANO	S09014	
S. NICOLA DI MELFI	S11300	15
S. PAOLO SOLBRITO	S00463	3
S. PIETRO A VICO	S06313	13
S. PIETRO AVELLANA-CAPRACOTTA	S08912	7
S. PIETRO BERBENNO	S01428	1
S. PIETRO VERNOTICO	S11141	16
S. STEFANO DI MAGRA	S06170	2
S. STINO DI LIVENZA	S02664	12
S. VINCENZO	S06030	13
S. VITO CHIETINO	S07985	
S. ZENO FOLZANO	S01900	1
S. ZENONE AL LAMBRO	S01823	1
S.AGAPITO LONGANO	S09056	
S.AGATA M.	S12027	14
S.AGATA SUL SANTERNO	S05954	8
S.ALESSIO SICULO FORZA D`AGRO`	S12315	14
S.ANDREA DELL`JONIO	S11840	17
S.ANGELO DEI LOMBARDI	S09615	18
S.ANNA DI CHIOGGIA	S05411	
S.ANNA ROBELLA	S00434	3
S.ANTIMO S.ARPINO	S09007	18
S.ANTONIO MANTOVANO	S02334	1
S.ARCANGELO DI ROMAGNA	S05069	8
S.BENEDETTO DEL TRONTO	S07513	11
S.BENIGNO DI CUNEO	S00609	3
S.BIAGIO	S05805	8
S.BIAGIO DI CALLALTA	S02761	12
S.CANDIDO	S02114	22
S.CASSIANO	S06615	8
S.CATALDO	S12382	14
S.CATERINA DELL`JONIO	S11842	17
S.CLAUDIO	S07312	11
S.CRISTOFORO AL LAGO-ISCHIA	S02306	9
S.CROCE DEL LAGO	S02735	12
S.CROCE DEL SANNIO	S09502	18
S.DEMETRIO DE` VESTINI	S07418	19
S.DONATO MILANESE	S01624	
S.DONNINO BADIA	S06514	13
S.ELENA - ESTE	S05704	12
S.ELLERO	S06905	13
S.EUFEMIA DI BRISIGHELLA	S06616	
S.EUSANIO DEL SANGRO	S07989	
S.FELICE SP	S05313	8
S.FILIPPO	S07557	11
S.FILIPPO-S.LUCIA	S12044	14
S.FLAVIA	S12009	14
S.FREDIANO A SETTIMO	S06504	13
S.GIACOMO DI SPOLETO	S07220	6
S.GIORGIO CASALE	S00336	3
S.GIORGIO DELLE PERTICHE	S02526	12
S.GIORGIO P.	S05723	8
S.GIOVANNI AL NATISONE	S03031	10
S.GIOVANNI DI CASARSA	S03199	10
S.GIOVANNI D`ASSO	S06816	13
S.GIOVANNI VALDARNO	S06909	13
S.GIULETTA	S01943	1
S.GIULIANO DEL SANNIO	S09476	
S.GIULIANO PIEMONTE	S01941	3
S.GIULIANO TERME	S06400	13
S.GIUSEPPE VESUVIANO	S09752	18
S.GIUSTINA CESIO	S02562	12
S.ILARIO	S05021	8
S.LIBERATO	S07235	6
S.LORENZO COLLI	S12132	14
S.LORENZO LO VECCHIO	S12443	
S.LORENZO MAGGIORE	S09308	18
S.LUCIDO MARINA	S11740	17
S.MARCELLINO FRIGNANO	S09005	18
S.MARCO ROGGIANO	S11904	17
S.MARIA CAPUA VETERE	S09209	18
S.MARIA COLLE SERRA	S09474	
S.MARIA LA BRUNA	S09804	18
S.MARIA LA LONGA	S03121	10
S.MARIA OLIVETO	S09059	7
S.MARINO	S02501	12
S.MARTINO AL CIMINO	S08307	5
S.MARTINO BUON ALBERGO	S02435	12
S.MARTINO DI LUPARI	S02536	12
S.MARTINO IN GATTARA	S06613	8
S.MARTINO IN PENSILIS	S09468	7
S.MICHELE DI SERINO	S09523	18
S.MICHELE IN BOSCO	S01924	1
S.MINIATO FUCECCHIO	S06509	13
S.NAZARIO	S02503	12
S.NICOLA ARCELLA	S11726	17
S.NICOLA T.	S12012	14
S.NICOLO'	S01951	8
S.PATRIZIO	S05953	
S.PIERO A SIEVE	S06603	13
S.PIETRO A MAIDA	S11750	17
S.PIETRO IN CASALE	S05722	8
S.PIETRO IN GU`	S02531	12
S.ROMANO MONTOPOLI S.CROCE	S06508	13
S.SEBASTIANO PO	S00420	3
S.SEVERINO MARCHE	S07303	11
S.SILVESTRO	S00173	3
S.STEFANO BELBO	S00831	3
S.STEFANO LODIGIANO	S01829	1
S.STEFANO UDINESE	S03124	10
S.TOMMASO DEL PIANO	S09630	15
S.VINCENZO V.R.	S08855	19
S.VITO AL TAGLIAMENTO	S02660	10
S.VITO DEI NORMANNI	S11135	16
S.VITO LANCIANO	S07817	19
S.VITTORIA	S00822	3
SACCONAGO	S01754	
SACCONAGO	N00150	
SACILE	S02703	10
SACILE SAN LIBERALE	S03089	10
SAGRADO	S03307	10
SAINT PIERRE	S00161	4
SAIRANO	S00408	1
SAIRANO ZINASCO	S00400	1
SALA AL BARRO-GALBIATE	S01461	1
SALA CONSILINA	S09906	18
SALANDRA	S11457	15
SALASSA	S00886	
SALBERTRAND	S00205	3
SALE LANGHE	S00743	3
SALE MARASINO	N00213	
SALEMI GIBELLINA	S12114	14
SALERNO	S09818	18
SALERNO IRNO	S09799	
SALETTO	S02394	12
SALICETO	S00744	3
SALINE DI REGGIO	S11864	17
SALONE	S08502	5
SALORNO	S02034	9
SALSOMAGGIORE T.	S05090	8
SALUGGIA	S00235	3
SALUSSOLA	S00074	3
SALUZZO	S00547	
SALZA IRPINA	S09600	18
SALZANO ROBEGANO	S02511	12
SAMASSI SERRENTI	S12885	20
SAMOGGIA	S05039	8
SAMOLACO	S01402	1
SAMPIERI	S12419	14
SAN BENEDETTO PO	S05155	
SAN BENEDETTO SAMBRO-CAST.PEPOLI	S05134	8
SAN BONIFACIO	S02440	12
SAN GAVINO	S12882	20
SAN GIACOMO	S04005	3
SAN GIORGIO	S12034	14
SAN GIORGIO DI NOGARO	S03205	10
SAN GIOVANNI	S12804	20
SAN GIOVANNI IN PERSICETO	S05319	8
SAN GIULIANO D'AREZZO	S06065	
SAN GIUSEPPE DI CAIRO	S04805	2
SAN LEONARDO DI CUTRO	S11827	17
SAN MARCO D`ALUNZIO T.	S12028	14
SAN MAURIZIO	S00089	
SAN MAURO LA BRUCA	S11714	18
SAN MOMME`	S05118	13
SAN NICOLA VARCO DI EBOLI	S11700	18
SAN PIETRO INFINE	S09210	
SAN REMO	S04505	2
SAN ROCCO MANTOVANO	S05157	
SAN SEVERO	S11025	16
SANDIGLIANO	S00072	3
SANFRE`	S00731	3
SANGIANO	S01140	1
SANGINETO	S11733	17
SANGUINETTO	S02384	12
SANLURI STATO	S12883	20
SANNAZZARO	S00403	1
SANNICANDRO DI BARI	S11503	16
SANTA DOMENICA	S11786	17
SANTA LUCE	S06023	13
SANTA MARIA DI CATANZARO	S11957	17
SANTA MARINELLA	S08015	5
SANTA SEVERA	S08016	5
SANTA TERESA DI RIVA	S12314	14
SANTE MARIE	S08521	19
SANTERAMO	S11310	16
SANTHIA`	S00240	3
SANTO STEFANO DI CAMASTRA	S12024	14
SANTOPADRE	S08817	
SANTUARIO	S04802	2
SANTUARIO INCORONATA	S11201	16
SANT`ANNA	S12897	20
SANT`ORSOLA	S12806	20
SANZANO OCCHINO	S09629	18
SAPRI	S11721	18
SARMATO	S01949	8
SARNO	S09702	18
SARONNO	S01933	1
SARONNO SUD	S01077	
SARRE	S00136	4
SARTIRANA	S00038	1
SARZANA	S06007	2
SASSA TORNIMPARTE	S07413	19
SASSANO TEGGIANO	S09907	18
SASSARI	S12807	20
SASSINORO	S09475	
SASSO MARCONI	S05104	8
SASSOFERRATO ARCEVIA	S07063	11
SASSONE	S08712	5
SAVIGLIANO	S00604	3
SAVIGNANO GRECI	S09318	18
SAVIGNANO SUL RUBICONE	S05068	8
SAVONA	S04801	2
SAVONA MARITTIMA	S04800	2
SCAFA S.VALENTINO CARAMANICO T	S07707	19
SCAFATI	S09811	18
SCALA DI GIOCCA	S12814	20
SCALEA S.DOMENICA TALAO	S11727	17
SCALENGHE	S00540	3
SCALETTA ZANCLEA	S12309	14
SCANZANO BELFIORE	S07216	6
SCANZANO J. MONTALBANO J.	S11801	15
SCARLINO	S06035	13
SCERNE DI PINETO	S07805	19
SCHAFFHAUSEN	S03424	
SCHIO	S02140	12
SCHIVENOGLIA	S05158	
SCHWAZ	S01179	
SCICLI	S12418	14
SCILLA	S11772	17
SCOPETI	S06705	13
SCORCETOLI	S06164	13
SCORDIA	S12278	14
SCURCOLA MARSICANA	S08524	19
SECUGNAGO	S01826	1
SEDICO BRIBANO	S02560	12
SEGESTA TEMPIO	S12152	14
SEGNALE DI CONF. RENO EST	S05326	
SEGNALE DI CONF. RENO OVEST	S05325	
SEGRATE	S01715	1
SELLA DI CORNO	S07411	19
SELLERO	N00230	
SELLIA MARINA	S11831	17
SELVA DEL BOCCHETTO	S06155	8
SENALES	S02210	
SENIGALLIA	S07108	11
SEPINO	S09501	7
SEREGNO	S01318	1
SERENELLA	S01073	
SERIATE	S01533	1
SERINO	S09515	18
SERMIDE	S05161	
SERRA S.QUIRICO	S07205	11
SERRADIFALCO	S12383	14
SERRALUNGA CERESETO	S00338	3
SERRAMANNA NURAMINIS	S12886	20
SERRAVALLE	S02048	9
SERRAVALLE D`ASTI	S00431	3
SERRAVALLE PISTOIESE	S06413	13
SERRAVALLE SCRIVIA	S04206	3
SERRE DI RAPOLANO	S06857	13
SESSA AURUNCA R.	S09000	18
SESSANO DEL MOLISE	S08917	7
SESTO CALENDE	S01026	1
SESTO CAMPANO	S09062	7
SESTO FIORENTINO	S06418	13
SESTO S. GIOVANNI	S01325	1
SESTRI LEVANTE	S04725	2
SETTE BAGNI	S08216	5
SETTEQUERCE	S02224	9
SETTIME CINAGLIO MOMBARONE	S00430	3
SETTIMO	S00229	3
SETTIMO TAVAGNASCO	S00151	3
SETTINGIANO	S11954	17
SEVEGLIANO	S03151	10
SEVESO	S01925	1
SEVNICA	S42100	
SEZANA	S01000	
SEZZE ROMANO	S08609	5
SGURGOLA	S08659	5
SIBARI	S11811	17
SICIGNANO DEGLI ALBURNI	S09827	18
SIDERNO	S11850	17
SIECI	S06903	13
SIENA	S06809	13
SIENA ZONA INDUSTRIALE	S06867	13
SIERRE SIDERS	S01509	
SIGNA	S06513	13
SILANDRO	S02205	9
SILIQUA	S12954	20
SILLA	S05109	8
SILLAVENGO	S00978	3
SILVI	S07807	19
SIMERI CRICHI	S11832	17
SINALUNGA	S06852	13
SINGEN	S03700	
SIOFOK	S03350	
SION	S01225	
SIPICCIANO	S08300	5
SIPICCIANO S.NICOLA	S08302	
SIPONTO	S11056	16
SIRACUSA	S12349	14
SIRACUSA M.	S12351	14
SISTIANA	S03312	10
SIZZANO	S00111	3
SLUDERNO-GLORENZA	S02201	9
SOFFRATTA	S02732	12
SOLAGNA	S02504	12
SOLAROLO	S05900	8
SOLARUSSA	S12876	20
SOLERO	S00469	3
SOLIERA MODENESE	S02351	8
SOLIGNANO	S06156	8
SOLOFRA	S09516	18
SOLOPACA	S09307	18
SOMMA LOMBARDO	S01028	1
SOMMACAMPAGNA-SONA	S02094	
SOMMARIVA BOSCO	S00730	3
SONDRIO	S01430	1
SONICO	N00234	
SORA	S08857	5
SORESINA	S01607	1
SORGENTI DEL PESCHIERA	S07434	5
SORI	S04712	2
SOVERATO	S11837	17
SPADAFORA	S12048	14
SPAGNUOLA	S12106	14
SPARANISE	S09206	18
SPARTIMENTO DI SCISCIANO	S09761	18
SPELLO	S07010	6
SPEZZANO ALBANESE TERME	S11901	17
SPIEZ	S07483	
SPIGNO	S00874	3
SPINAZZOLA	S11304	16
SPINETOLI COLLI	S07552	11
SPINETTA	S01940	3
SPOLETO	S07221	6
SPONDIGNA-PRATO VENOSTA	S02202	9
SPOTORNO NOLI	S04526	2
SPRESIANO	S02709	12
SQUILLACE	S11835	17
SQUINZANO	S11142	16
ST VEIT GLAN	S03633	
ST.DALMAS DE TENDE	S00620	
STAGGIA	S06810	
STANGHELLA	S05705	12
STAZIONE PER L`ALPAGO	S02736	12
STEINACH TIROL	S02264	
STELLATA FICAROLO	S05164	
STICCIANO	S06824	13
STIMIGLIANO	S08212	5
STRADA CASALE	S06617	8
STRADELLA	S01945	1
STRAMBINO	S00155	3
STRASSOLDO	S03150	10
STRESA	S01016	3
STREVI	S00866	3
STRIGNO	S02315	9
STRONCONE	S07400	6
STRONGOLI	S11822	17
STUTTGART HBF	S03800	
SU CANALE	S12896	20
SUBBIANO	S06082	
SULMONA	S08539	19
SULMONA-INTRODACQUA	S08900	19
SULZANO	N00212	
SUNO	S00018	3
SURBO	S11144	
SURBO FASCIO MERCI	S11134	
SUSA	S00260	3
SUSEGANA	S02708	12
SUZZARA	S02340	1
SUZZARA V.N.	S05153	
SZEKESFEHERVAR	S03269	
TORINO P.NUOVA	S00219	3
TAGGIA ARMA	S04506	2
TAGLIACOZZO	S08522	19
TAINO ANGERA	S01122	1
TALAMONA	S01426	1
TALAMONE	S08002	13
TAORMINA	S12317	14
TARANTO	S11465	16
TARCENTO	S03022	10
TARGIA	S12353	14
TARQUINIA	S08009	5
TARSIA	S11903	17
TARVISIO BOSCOVERDE	S03015	10
TASSIGNANO	S06405	13
TAURASI	S09605	18
TAVAZZANO	S01824	1
TEANO	S09205	18
TEGLIO VENETO	S02662	12
TEL	S02213	
TELESE CERRETO	S09326	18
TEMPIO DI VULCANO	S12215	
TENDE	S00619	
TERAMO	S07900	19
TERLANO-ANDRIANO	S02223	9
TERME EUGANEE-ABANO-MONTEGR.	S05701	12
TERME VIGLIATORE	S12040	14
TERMINI IMERESE	S12014	14
TERMOLI	S11019	7
TERNATE VARANO BORGHI	S01143	1
TERNI	S07226	6
TERNI COSPEA	S07430	6
TERNO	S01504	1
TERONTOLA CORTONA	S06922	13
TERRACINA	S08809	5
TERRAROSSA - TRESANA	S06167	13
TERRENOVE	S12108	14
TERRIA	S07425	5
TERZIGNO	S09753	18
TERZO MONTABONE	S00869	3
TEZZE DI GRIGNO	S02318	9
THIENE	S02143	12
THUN	S01250	
THURIO	S11869	17
TIERA	S11216	15
TIONE DEGLI ABRUZZI	S07426	19
TIRANO	S01440	1
TISSI USINI	S12813	20
TITO	S09834	15
TIVOLI	S08508	5
TOCCO CASTIGLIONE	S07705	19
TOLENTINO	S07304	11
TOLINE	N00216	
TOLLO CANOSA SANNITA	S07814	19
TOMBOLO	S06720	13
TOMMASO NATALE	S12131	14
TONCO ALFIANO	S00342	3
TOR SAPIENZA	S08501	5
TOR VERGATA	S08655	5
TORA PRESENZANO	S09202	18
TORANO LATTARICO	S11906	17
TORCHIARA	S11706	18
TORINO DORA	S00224	3
TORINO LINGOTTO	S00452	3
TORINO PORTA SUSA	S00035	3
TORINO REBAUDENGO FOSSATA	S00060	
TORINO S. PAOLO	S00223	3
TORINO STURA	S00228	3
TORRALBA	S12865	20
TORRAZZA P.	S00234	3
TORRE ANNUNZIATA CENTRALE	S09806	18
TORRE ANNUNZIATA CITTA'	S09805	18
TORRE DEI PASSERI	S07706	19
TORRE DEL GRECO	S09803	18
TORRE DEL LAGO PUCCINI	S06015	13
TORRE DE` PICENARDI	S01918	1
TORRE IN PIETRA-PALIDORO	S08019	5
TORRE MELISSA	S11821	17
TORRE ORSAIA	S11717	18
TORRE PELLICE	S00524	3
TORRE S.GIORGIO	S00545	3
TORREBERETTI	S00039	1
TORREMEZZO DI FALCONARA	S11971	
TORRENIERI	S06817	13
TORRICELLA	S07011	6
TORRICOLA	S08600	5
TORRILE S. POLO	S01853	1
TORRITA DI SIENA	S06854	13
TORTONA	S01810	3
TORTORETO LIDO	S07801	19
TORVISCOSA	S03206	10
TOSCANO	S11961	
TRABIA	S12013	14
TRADATE	N00019	
TRANI	S11112	16
TRAPANI	S12100	14
TRAPPA	S00925	3
TRAPPETO	S12123	14
TRAVEDONA BIANDRONNO	S01142	1
TRAVESIO	S03081	10
TRE CROCI	S08308	5
TREBASELEGHE	S02514	12
TREBISACCE	S11808	17
TRECATE	S00252	1
TRECELLA	S01706	1
TREMESTIERI	S12303	14
TRENTO	S02038	21
TREPUZZI	S11143	16
TREQUANDA	S06821	
TRESENDA-APRICA-TEGLIO	S01437	1
TRESIGALLO - CORREGGI	S05172	
TREVI	S07218	6
TREVIGLIO	S01708	1
TREVIGLIO OVEST	S01601	1
TREVIGNANO SIGNORESSA	S02600	12
TREVISO C.	S02712	12
TREZZANO S.N.	S01065	1
TRICESIMO - SAN PELAGIO	S03023	
TRIESTE AQUILINIA	S03856	10
TRIESTE CENTRALE	S03317	10
TRIESTE SERVOLA	S03854	
TRIFLISCO	S09028	
TRINITAPOLI S.FERDIN. DI P.	S11106	16
TRINITA` BENE VAGIENNA	S00950	3
TRINO VERCELLESE	S00176	3
TRIUGGIO-PONTE ALBIATE	S01485	1
TRIVIGNO	S11452	15
TROFARELLO	S00455	3
TROIA CASTELLUCCIO SAURI	S09322	16
TROMELLO	S00275	1
TRONZANO	S00239	3
TROPEA	S11760	17
TUFARA VALLE	S09013	
TUFO	S09512	18
TUORO SUL TRASIMENO	S07000	6
TURBIGO	N00051	
TUSA	S12022	14
TUTTINGEN	S02901	
TUTURANO	S11140	16
UDINE	S03026	10
UGOVIZZA VALBRUNA	S03006	10
URAS MOGORO	S12880	20
URBISAGLIA SFORZACOSTA	S07306	11
URURI ROTELLO	S09467	7
VENEZIA SANTA LUCIA	S02593	12
VERONA PORTA NUOVA	S02430	12
VITERBO PORTA FIORENTINA	S08304	5
VADA	S06025	13
VAGLIA	S06602	13
VAGLIO BASILICATA	S11450	15
VAIANO	S05136	13
VAIRANO	S09203	18
VALCESURA	S05177	
VALDAORA - ANTERSELVA	S02110	9
VALDIBRANA	S05117	13
VALENZA	S00041	3
VALLAZZA - CARBONARA PO	S05160	
VALLE AURELIA	S08329	5
VALLE DI MADDALONI	S09304	18
VALLE DI MERCATO S.SEVERINO	S09705	18
VALLE LOMELLINA	S00037	1
VALLECROSIA	S04502	2
VALLEDOLMO	S12231	14
VALLELUNGA	S12232	14
VALLO DELLA LUC. CASTELNUOVO	S11709	18
VALLORBE	S01103	
VALMADONNA	S00042	3
VALMADRERA	S01463	1
VALMONTONE	S08656	5
VALPERGA	S00887	
VALTOPINA	S07214	6
VANDOIES	S02103	9
VANZAGHELLO - MAGNAGO	N00049	
VANZAGO POGLIANO	S01036	1
VAPRIO D`AGOGNA	S00022	3
VARALLO POMBIA	S00982	3
VARALLO SESIA	S00100	3
VARANO	S07500	11
VARAZZE	S04531	2
VAREDO	S01084	
VARENNA ESINO	S01411	1
VARESE	S01205	1
VARESE CASBENO	N00025	
VARESE NORD	N00024	
VARIGNANA	S05052	8
VASTO S.SALVO	S07824	19
VASTOGIRARDI	S08913	7
VE ASSEGGIANO	S02513	12
VEDANO	N00022	
VELLETRI	S08734	5
VELLO	N00215	
VENAFRO	S09060	7
VENARIA	S00085	
VENEGONO INF.	N00020	
VENEGONO SUP. - CASTIGLIO	N00021	
VENETICO	S12047	14
VENEZIA CARPENEDO	S02672	12
VENEZIA MARGHERA SCALO	S02515	
VENEZIA MARITTIMA	S02594	12
VENEZIA MESTRE	S02589	12
VENEZIA PORTO MARGHERA	S02592	12
VENOSA - MASCHITO	S11302	15
VENTIMIGLIA	S04501	2
VENZONE	S03018	10
VERBANIA-PALLANZA	S01013	3
VERCEIA	S01404	1
VERCELLI	S00245	3
VERCURAGO S.GIROLAMO	S01523	1
VERDELLO DALMINE	S01600	1
VERGATO	S05107	8
VERGIATE	S01027	1
VERGNASCO	S00073	3
VERNANTE	S00616	3
VERNAZZA	S04733	2
VERNIO MONTEPIANO CANTAGALLO	S05135	13
VEROLANUOVA	S01903	1
VEROLENGO	S00170	3
VERONA CA` DI DAVID	S02061	12
VERONA PARONA	S02058	
VERONA PORTA VESCOVO	S02433	12
VERRES	S00145	4
VERZUOLO	S00701	3
VESPOLATE	S00031	3
VESPRI	S12135	14
VETRALLA	S08309	5
VEZZANO LIGURE	S06171	2
VIA CAMPANA	S09114	
VIA CHIARI	S06064	
VIADANA BRESCIANA	S01842	1
VIAREGGIO	S06040	13
VIBO MARINA	S11754	17
VIBO VALENZIA PIZZO	S11789	17
VICARELLO	S06017	13
VICCHIO	S06700	13
VICENZA	S02446	12
VICO MATRINO	S08310	5
VICOFERTILE	S06150	8
VICOFORTE SAN MICHELE	S00953	3
VICOVARO	S08511	5
VIDALENGO	S01709	1
VIETRI SUL MARE	S09817	18
VIEVOLA	S00618	
VIGARANO PIEVE	S05166	
VIGEVANO	S01061	1
VIGLIANO CANDELO	S00977	3
VIGLIANO D`ABRUZZO	S07412	19
VIGLIANO D`ASTI	S00802	3
VIGNA DI VALLE	S08316	5
VIGNALE	S00021	3
VIGNALE RIOTORTO	S06032	13
VIGNATE	S01704	1
VIGODARZERE	S02528	12
VIGONE	S00542	3
VIGONZA PIANIGA	S02586	12
VILLA BONELLI	S08399	5
VILLA CADE`	S05022	8
VILLA CASTELLI	S11608	16
VILLA CLAUDIA	S08714	5
VILLA DEL CONTE	S02523	12
VILLA DI TIRANO	S01439	1
VILLA LITERNO	S09003	18
VILLA OPICINA	S03466	10
VILLA ORTENSIA	S09024	
VILLA RAVERIO	S01487	1
VILLA S.G.CANNITELLO	S11773	17
VILLA S.MARIA	S07995	
VILLA SAN GIOVANNI	S11774	17
VILLA SAN MICHELE	S08555	
VILLA SAN SEBASTIANO	S08523	19
VILLABARTOLOMEA	S02367	12
VILLABASSA - BRAIES	S02112	9
VILLABATE	S12006	14
VILLADOSSOLA	S00001	3
VILLAFRANCA - BAGNONE	S06166	13
VILLAFRANCA C.	S00459	3
VILLAFRANCA DI VERONA	S02331	12
VILLAFRANCA P.	S00543	3
VILLAFRANCA TIRRENA	S12050	14
VILLALBA	S12233	14
VILLAMAGGIORE	S01802	1
VILLAMASSARGIA DOMUSNOVAS	S12952	20
VILLANOVA	S00458	3
VILLANOVA - GROSSO	S00092	
VILLANOVA DI REGGIOLO	S02345	8
VILLANOVA D`ARDA	S01962	8
VILLANOVA D`ARDENGHI	S00278	1
VILLAPIANA LIDO	S11809	17
VILLAPIANA TORRE CERCHIARA	S11810	17
VILLAROSA	S12237	14
VILLASANTA	S01481	1
VILLASOR	S12887	20
VILLASPECIOSA UTA	S12956	20
VILLASTELLONE	S00600	3
VILLAVERLA MONTECCHIO	S02145	12
VILLAZZANO	S02300	9
VILLENEUVE	S00135	4
VILLETTA	S08711	5
VILLETTA MALAGNINO	S01916	1
VILLETTA S. ROMANO	S06322	13
VILPIANO-NALLES	S02222	9
VINCHIATURO	S09457	7
VIPITENO	S02006	9
VISANO	S01844	1
VISONE	S04100	3
VITERBO PORTA ROMANA	S08306	5
VITTORIA	S12410	14
VITTORIO VENETO	S02733	12
VITTUONE ARLUNO	S01042	1
VITULANO FOGLIANISE	S09310	18
VITUSO	S12391	14
VIZZINI	S12273	14
VOGHERA	S01807	1
VOGOGNA OSSOLA	S01008	3
VOLPIANO	S00880	
VOLTANA	S05807	8
VOLTERRA SALINE - POMARANCE	S06753	13
VRBOVEC	S73110	
VRTOJBA	S03299	
X	S00000	
Y	S99999	
ZAGAROLO	S08652	5
ZAMARDI	S03392	
ZAMBRA	S06425	13
ZAMBRONE	S11758	17
ZAPPULLA	S12029	14
ZERBINATE	S05163	
ZINASCO NUOVO	S00401	1
ZOAGLI	S04721	2
ZURICH ALTSTETTEN	S03001	
